<?xml version="1.0" encoding="UTF-8"?><CodeSystem xmlns="http://hl7.org/fhir"><id value="TrustFrameworkTypeCS"/><text><status value="generated"/><div xmlns="http://www.w3.org/1999/xhtml"><p>This code system http://hl7.org/fhir/us/fhir-directory-attestation/CodeSystem/TrustFrameworkTypeCS defines the following codes:</p><table class="codes"><tr><td style="white-space:nowrap"><b>Code</b></td><td><b>Display</b></td></tr><tr><td style="white-space:nowrap">DirectTrust<a name="TrustFrameworkTypeCS-DirectTrust"> </a></td><td>Direct Trust</td></tr><tr><td style="white-space:nowrap">CareQuality<a name="TrustFrameworkTypeCS-CareQuality"> </a></td><td>Carequality</td></tr><tr><td style="white-space:nowrap">Commonwell<a name="TrustFrameworkTypeCS-Commonwell"> </a></td><td>Commonwell</td></tr><tr><td style="white-space:nowrap">TEFCA<a name="TrustFrameworkTypeCS-TEFCA"> </a></td><td>TEFCA</td></tr><tr><td style="white-space:nowrap">PayerToPayer<a name="TrustFrameworkTypeCS-PayerToPayer"> </a></td><td>Payer to Payer Trust Network</td></tr><tr><td style="white-space:nowrap">Exchange<a name="TrustFrameworkTypeCS-Exchange"> </a></td><td>Exchange Required by Federal Regulations</td></tr><tr><td style="white-space:nowrap">PCDH<a name="TrustFrameworkTypeCS-PCDH"> </a></td><td>Patient Centered Data Home</td></tr></table></div></text><url value="http://hl7.org/fhir/us/fhir-directory-attestation/CodeSystem/TrustFrameworkTypeCS"/><version value="0.0.1"/><name value="TrustFrameworkTypeCS"/><title value="Trust FrameworkType"/><status value="active"/><date value="2022-04-22T21:32:28-05:00"/><publisher value="HL7 Patient Administration Working Group"/><contact><name value="HL7 Patient Administration Working Group"/><telecom><system value="url"/><value value="https://www.hl7.org/Special/committees/pafm/index.cfm"/></telecom><telecom><system value="email"/><value value="pafm@lists.HL7.org"/></telecom></contact><description value="Trust Framework Type"/><jurisdiction><coding><system value="urn:iso:std:iso:3166"/><code value="US"/></coding></jurisdiction><caseSensitive value="false"/><content value="complete"/><count value="7"/><concept><code value="DirectTrust"/><display value="Direct Trust"/></concept><concept><code value="CareQuality"/><display value="Carequality"/></concept><concept><code value="Commonwell"/><display value="Commonwell"/></concept><concept><code value="TEFCA"/><display value="TEFCA"/></concept><concept><code value="PayerToPayer"/><display value="Payer to Payer Trust Network"/></concept><concept><code value="Exchange"/><display value="Exchange Required by Federal Regulations"/></concept><concept><code value="PCDH"/><display value="Patient Centered Data Home"/></concept></CodeSystem>