<?xml version="1.0" encoding="UTF-8"?><ExampleScenario xmlns="http://hl7.org/fhir"><id value="DX6RLSCje9KkEcHRt"/><url value="http://hl7.org/fhir/us/fhir-directory-attestation/ExampleScenario/VerificationScenario"/><version value="0.1.7"/><status value="active"/><date value="2022-07-15T12:22:10-04:00"/><publisher value="HL7 Patient Administration Working Group"/><contact><name value="HL7 Patient Administration Working Group"/><telecom><system value="url"/><value value="https://www.hl7.org/Special/committees/pafm/index.cfm"/></telecom><telecom><system value="email"/><value value="pafm@lists.HL7.org"/></telecom></contact><jurisdiction><coding><system value="urn:iso:std:iso:3166"/><code value="US"/></coding></jurisdiction><actor><actorId value="Practitioner/m6AJtyEk6sSsHWLjt"/><type value="entity"/><name value="St. Jame’s Infirmary"/></actor><actor><actorId value="Organization/fZzusFYr3PBYyRnot"/><type value="person"/><name value="Allison Camron, MD"/></actor><instance><resourceId value="l4bjaZGQfeNfhAEpb"/><resourceType value="Location"/><name value="456 Main Street Anytown CT 00014-1234"/></instance><instance><resourceId value="hsEk35Ayonz755t6u"/><resourceType value="HealthcareService"/><name value="Emergency Medicine Physician"/></instance><instance><resourceId value="etKzBJvzbeHDZi7Gd"/><resourceType value="Endpoint"/><name value="St. James Portal"/></instance></ExampleScenario>