<?xml version="1.0" encoding="UTF-8"?><SearchParameter xmlns="http://hl7.org/fhir"><id value="insuranceplan-coverage-limit-value"/><url value="http://hl7.org/fhir/uv/vhdir/SearchParameter/insuranceplan-coverage-limit-value"/><version value="0.1.6"/><name value="VhDir_sp_insuranceplan_coverage_limit_value"/><status value="draft"/><date value="2018-05-23"/><publisher value="HL7 Patient Administration Working Group"/><contact><name value="HL7 Patient Administration Working Group"/><telecom><system value="url"/><value value="https://www.hl7.org/Special/committees/pafm/index.cfm"/></telecom><telecom><system value="email"/><value value="pafm@lists.HL7.org"/></telecom></contact><description value="Select health insurance products with covered benefits limited in the specified manner"/><jurisdiction><coding><system value="urn:iso:std:iso:3166"/><code value="US"/></coding></jurisdiction><code value="coverage-limit-value"/><base value="InsurancePlan"/><type value="quantity"/><expression value="InsurancePlan.coverage.benefit.limit.value"/><multipleOr value="true"/><multipleAnd value="true"/><comparator value="eq"/><comparator value="gt"/><comparator value="lt"/><comparator value="ge"/><comparator value="le"/><comparator value="sa"/><comparator value="eb"/></SearchParameter>