<?xml version="1.0" encoding="UTF-8"?><SearchParameter xmlns="http://hl7.org/fhir"><id value="healthcareservice-service-category"/><url value="http://hl7.org/fhir/us/davinci-pdex-NatlDir/SearchParameter/healthcareservice-service-category"/><version value="0.1.2"/><name value="NatlDir_sp_healthcareservice_category"/><derivedFrom value="http://hl7.org/fhir/SearchParameter/HealthcareService-service-category"/><status value="active"/><date value="2018-05-23T00:00:00+00:00"/><publisher value="HL7 Patient Administration Working Group"/><contact><name value="HL7 Patient Administration Working Group"/><telecom><system value="url"/><value value="https://www.hl7.org/Special/committees/pafm/index.cfm"/></telecom><telecom><system value="email"/><value value="pafm@lists.HL7.org"/></telecom></contact><description value="Select HealthcareServices providing the specified category of services"/><jurisdiction><coding><system value="urn:iso:std:iso:3166"/><code value="US"/></coding></jurisdiction><code value="service-category"/><base value="HealthcareService"/><type value="token"/><expression value="HealthcareService.category"/><multipleOr value="true"/><multipleAnd value="true"/><modifier value="text"/></SearchParameter>