<?xml version="1.0" encoding="UTF-8"?><SearchParameter xmlns="http://hl7.org/fhir"><id value="careteam-endpoint"/><url value="http://hl7.org/fhir/uv/vhdir/SearchParameter/careteam-endpoint"/><version value="0.1.6"/><name value="VhDir_sp_careteam_endpoint"/><status value="draft"/><date value="2018-05-23"/><publisher value="HL7 Patient Administration Working Group"/><contact><name value="HL7 Patient Administration Working Group"/><telecom><system value="url"/><value value="https://www.hl7.org/Special/committees/pafm/index.cfm"/></telecom><telecom><system value="email"/><value value="pafm@lists.HL7.org"/></telecom></contact><description value="Select CareTeams with the specified endpoint"/><jurisdiction><coding><system value="urn:iso:std:iso:3166"/><code value="US"/></coding></jurisdiction><code value="endpoint"/><base value="CareTeam"/><type value="reference"/><expression value="CareTeam.extension('http://hl7.org/fhir/uv/vhdir/StructureDefinition/endpoint-reference')"/><target value="Endpoint"/><multipleOr value="true"/><multipleAnd value="true"/><chain value="identifier"/><chain value="connection-type"/><chain value="organization"/></SearchParameter>