<?xml version="1.0" encoding="UTF-8"?><SearchParameter xmlns="http://hl7.org/fhir"><id value="insuranceplan-general-cost-groupsize"/><url value="http://hl7.org/fhir/uv/vhdir/SearchParameter/insuranceplan-general-cost-groupsize"/><version value="0.1.6"/><name value="VhDir_sp_insuranceplan_general_cost_groupsize"/><status value="draft"/><date value="2018-05-23"/><publisher value="HL7 Patient Administration Working Group"/><contact><name value="HL7 Patient Administration Working Group"/><telecom><system value="url"/><value value="https://www.hl7.org/Special/committees/pafm/index.cfm"/></telecom><telecom><system value="email"/><value value="pafm@lists.HL7.org"/></telecom></contact><description value="Select plans with costs for the specified group size"/><jurisdiction><coding><system value="urn:iso:std:iso:3166"/><code value="US"/></coding></jurisdiction><code value="general-cost-groupsize"/><base value="InsurancePlan"/><type value="token"/><expression value="InsurancePlan.plan.generalCost.groupSize"/><multipleOr value="true"/><multipleAnd value="true"/><comparator value="eq"/><comparator value="gt"/><comparator value="lt"/><comparator value="ge"/><comparator value="le"/><comparator value="sa"/><comparator value="eb"/></SearchParameter>