<?xml version="1.0" encoding="UTF-8"?><SearchParameter xmlns="http://hl7.org/fhir"><id value="practitioner-qualification-code"/><url value="http://hl7.org/fhir/uv/vhdir/SearchParameter/practitioner-qualification-code"/><version value="0.1.4"/><name value="VhDir_sp_practitioner_qualification_code"/><status value="draft"/><date value="2018-05-23"/><publisher value="HL7 Patient Administration Working Group"/><contact><name value="HL7 Patient Administration Working Group"/><telecom><system value="url"/><value value="https://www.hl7.org/Special/committees/pafm/index.cfm"/></telecom><telecom><system value="email"/><value value="pafm@lists.HL7.org"/></telecom></contact><description value="Select Practitioners with a type of qualification matching the specified code"/><jurisdiction><coding><system value="urn:iso:std:iso:3166"/><code value="US"/></coding></jurisdiction><code value="qualification-code"/><base value="Practitioner"/><type value="token"/><expression value="Practitioner.qualification.code"/><multipleOr value="true"/><multipleAnd value="true"/><modifier value="text"/></SearchParameter>