<?xml version="1.0" encoding="UTF-8"?><SearchParameter xmlns="http://hl7.org/fhir"><id value="verificationresult-attestation-onbehalfof"/><url value="http://hl7.org/fhir/uv/vhdir/SearchParameter/verificationresult-attestation-onbehalfof"/><version value="0.1.0"/><name value="VhDir_sp_verificationresult_attestation_onbehalfof"/><status value="draft"/><date value="2018-05-23"/><publisher value="HL7 Patient Administration Working Group"/><contact><name value="HL7 Patient Administration Working Group"/><telecom><system value="url"/><value value="https://www.hl7.org/Special/committees/pafm/index.cfm"/></telecom><telecom><system value="email"/><value value="pafm@lists.HL7.org"/></telecom></contact><description value="Select validation information for data that was attested to on behalf of the specified source"/><jurisdiction><coding><system value="urn:iso:std:iso:3166"/><code value="US"/></coding></jurisdiction><code value="attestation-onbehalfof"/><base value="VerificationResult"/><type value="reference"/><expression value="VerificationResult.attestation.onBehalfOf"/><target value="Practitioner"/><target value="Organization"/><target value="PractitionerRole"/><multipleOr value="true"/><multipleAnd value="true"/><modifier value="type"/><chain value="identifier"/><chain value="address"/><chain value="name"/><chain value="partof"/><chain value="location"/><chain value="organization"/><chain value="practitioner"/></SearchParameter>