<?xml version="1.0" encoding="UTF-8"?><SearchParameter xmlns="http://hl7.org/fhir"><id value="insuranceplan-plan-identifier"/><url value="http://hl7.org/fhir/uv/vhdir/SearchParameter/insuranceplan-plan-identifier"/><version value="0.1.7"/><name value="VhDir_sp_insuranceplan_plan_identifier"/><status value="draft"/><date value="2018-05-23"/><publisher value="HL7 Patient Administration Working Group"/><contact><name value="HL7 Patient Administration Working Group"/><telecom><system value="url"/><value value="https://www.hl7.org/Special/committees/pafm/index.cfm"/></telecom><telecom><system value="email"/><value value="pafm@lists.HL7.org"/></telecom></contact><description value="Select plans with the specified identifier"/><jurisdiction><coding><system value="urn:iso:std:iso:3166"/><code value="US"/></coding></jurisdiction><code value="plan-identifier"/><base value="InsurancePlan"/><type value="token"/><expression value="InsurancePlan.plan.identifier"/><multipleOr value="true"/><multipleAnd value="true"/><modifier value="text"/><modifier value="ofType"/></SearchParameter>