<?xml version="1.0" encoding="UTF-8"?><SearchParameter xmlns="http://hl7.org/fhir"><id value="insuranceplan-specific-cost-benefit-type"/><url value="http://hl7.org/fhir/uv/vhdir/SearchParameter/insuranceplan-specific-cost-benefit-type"/><version value="0.1.6"/><name value="VhDir_sp_insuranceplan_specific_cost_benefit_type"/><status value="draft"/><date value="2018-05-23"/><publisher value="HL7 Patient Administration Working Group"/><contact><name value="HL7 Patient Administration Working Group"/><telecom><system value="url"/><value value="https://www.hl7.org/Special/committees/pafm/index.cfm"/></telecom><telecom><system value="email"/><value value="pafm@lists.HL7.org"/></telecom></contact><description value="Select plans which include costs for the specified type of benefit"/><jurisdiction><coding><system value="urn:iso:std:iso:3166"/><code value="US"/></coding></jurisdiction><code value="specific-cost-benefit-type"/><base value="InsurancePlan"/><type value="token"/><expression value="InsurancePlan.plan.specificCost.benefit.type"/><multipleOr value="true"/><multipleAnd value="true"/><modifier value="text"/></SearchParameter>