<?xml version="1.0" encoding="UTF-8"?><SearchParameter xmlns="http://hl7.org/fhir"><id value="healthcareservice-new-patient-network"/><url value="http://hl7.org/fhir/uv/vhdir/SearchParameter/healthcareservice-new-patient-network"/><version value="0.0.1"/><name value="VhDir_sp_healthcareservice_new_patient_network"/><status value="draft"/><date value="2018-05-23"/><publisher value="HL7 Patient Administration Working Group"/><contact><name value="HL7 Patient Administration Working Group"/><telecom><system value="url"/><value value="https://www.hl7.org/Special/committees/pafm/index.cfm"/></telecom><telecom><system value="email"/><value value="pafm@lists.HL7.org"/></telecom></contact><description value="Select HealthcareServices that are part of the specified network and are/are not accepting new patients"/><jurisdiction><coding><system value="urn:iso:std:iso:3166"/><code value="US"/></coding></jurisdiction><code value="new-patient-network"/><base value="HealthcareService"/><type value="reference"/><expression value="HealthcareService.extension('http://hl7.org/fhir/uv/vhdir/StructureDefinition/newpatients').extension('network')"/><target value="Organization"/><multipleOr value="true"/><multipleAnd value="true"/><chain value="identifier"/><chain value="name"/><chain value="partof"/></SearchParameter>