<?xml version="1.0" encoding="UTF-8"?><SearchParameter xmlns="http://hl7.org/fhir"><id value="insuranceplan-plan-network"/><url value="http://hl7.org/fhir/uv/vhdir/SearchParameter/insuranceplan-plan-network"/><version value="0.0.1"/><name value="VhDir_sp_insuranceplan_plan_network"/><status value="draft"/><date value="2018-05-23"/><publisher value="HL7 Patient Administration Working Group"/><contact><name value="HL7 Patient Administration Working Group"/><telecom><system value="url"/><value value="https://www.hl7.org/Special/committees/pafm/index.cfm"/></telecom><telecom><system value="email"/><value value="pafm@lists.HL7.org"/></telecom></contact><description value="Select plans associated with the specified health insurance provider network"/><jurisdiction><coding><system value="urn:iso:std:iso:3166"/><code value="US"/></coding></jurisdiction><code value="plan-network"/><base value="InsurancePlan"/><type value="reference"/><expression value="InsurancePlan.plan.network"/><target value="Organization"/><multipleOr value="true"/><multipleAnd value="true"/><chain value="identifier"/><chain value="name"/><chain value="partof"/></SearchParameter>