<?xml version="1.0" encoding="UTF-8"?><SearchParameter xmlns="http://hl7.org/fhir"><id value="practitionerrole-qualification-issuer"/><url value="http://hl7.org/fhir/uv/vhdir/SearchParameter/practitionerrole-qualification-issuer"/><version value="0.1.2"/><name value="VhDir_sp_practitionerrole_qualification_issuer"/><status value="draft"/><date value="2018-05-23"/><publisher value="HL7 Patient Administration Working Group"/><contact><name value="HL7 Patient Administration Working Group"/><telecom><system value="url"/><value value="https://www.hl7.org/Special/committees/pafm/index.cfm"/></telecom><telecom><system value="email"/><value value="pafm@lists.HL7.org"/></telecom></contact><description value="Select PractitionerRoles with a qualification issued by the specified organization"/><jurisdiction><coding><system value="urn:iso:std:iso:3166"/><code value="US"/></coding></jurisdiction><code value="qualification-issuer"/><base value="PractitionerRole"/><type value="reference"/><expression value="PractitionerRole.extension('http://hl7.org/fhir/uv/vhdir/StructureDefinition/qualification').extension('issuer')"/><target value="Organization"/><multipleOr value="true"/><multipleAnd value="true"/><modifier value="below"/><chain value="identifier"/><chain value="name"/></SearchParameter>