<?xml version="1.0" encoding="UTF-8"?><SearchParameter xmlns="http://hl7.org/fhir"><id value="healthcareservice-identifier"/><url value="http://hl7.org/fhir/uv/vhdir/SearchParameter/healthcareservice-identifier"/><version value="0.1.6"/><name value="VhDir_sp_healthcareservice_identifier"/><derivedFrom value="http://hl7.org/fhir/SearchParameter/HealthcareService-identifier"/><status value="draft"/><date value="2018-05-23"/><publisher value="HL7 Patient Administration Working Group"/><contact><name value="HL7 Patient Administration Working Group"/><telecom><system value="url"/><value value="https://www.hl7.org/Special/committees/pafm/index.cfm"/></telecom><telecom><system value="email"/><value value="pafm@lists.HL7.org"/></telecom></contact><description value="Select HealthcareServices with the specified identifier"/><jurisdiction><coding><system value="urn:iso:std:iso:3166"/><code value="US"/></coding></jurisdiction><code value="identifier"/><base value="HealthcareService"/><type value="token"/><expression value="HealthcareService.identifier"/><multipleOr value="true"/><multipleAnd value="true"/><modifier value="text"/><modifier value="ofType"/></SearchParameter>