<?xml version="1.0" encoding="UTF-8"?><SearchParameter xmlns="http://hl7.org/fhir"><id value="organization-identifier"/><url value="http://hl7.org/fhir/uv/vhdir/SearchParameter/organization-identifier"/><version value="0.1.4"/><name value="VhDir_sp_organization_identifier"/><derivedFrom value="http://hl7.org/fhir/SearchParameter/Organization-identifier"/><status value="draft"/><date value="2018-05-23"/><publisher value="HL7 Patient Administration Working Group"/><contact><name value="HL7 Patient Administration Working Group"/><telecom><system value="url"/><value value="https://www.hl7.org/Special/committees/pafm/index.cfm"/></telecom><telecom><system value="email"/><value value="pafm@lists.HL7.org"/></telecom></contact><description value="Select Organizations with the specified identifier"/><jurisdiction><coding><system value="urn:iso:std:iso:3166"/><code value="US"/></coding></jurisdiction><code value="identifier"/><base value="Organization"/><type value="token"/><expression value="Organization.identifier"/><multipleOr value="true"/><multipleAnd value="true"/><modifier value="text"/><modifier value="ofType"/></SearchParameter>