<?xml version="1.0" encoding="UTF-8"?><SearchParameter xmlns="http://hl7.org/fhir"><id value="practitioner-phonetic"/><url value="http://hl7.org/fhir/uv/vhdir/SearchParameter/practitioner-phonetic"/><version value="0.1.6"/><name value="VhDir_sp_practitioner_phonetic"/><derivedFrom value="http://hl7.org/fhir/SearchParameter/individual-phonetic"/><status value="draft"/><date value="2018-05-23"/><publisher value="HL7 Patient Administration Working Group"/><contact><name value="HL7 Patient Administration Working Group"/><telecom><system value="url"/><value value="https://www.hl7.org/Special/committees/pafm/index.cfm"/></telecom><telecom><system value="email"/><value value="pafm@lists.HL7.org"/></telecom></contact><description value="Select Practitioners with the specified name (A portion of name using some kind of phonetic matching algorithm)"/><jurisdiction><coding><system value="urn:iso:std:iso:3166"/><code value="US"/></coding></jurisdiction><code value="phonetic"/><base value="Practitioner"/><type value="string"/><expression value="Practitioner.name"/><multipleOr value="true"/><multipleAnd value="true"/></SearchParameter>