<?xml version="1.0" encoding="UTF-8"?><SearchParameter xmlns="http://hl7.org/fhir"><id value="practitioner-via-intermediary"/><url value="http://hl7.org/fhir/uv/vhdir/SearchParameter/practitioner-via-intermediary"/><version value="0.0.1"/><name value="VhDir_sp_practitioner_via_intermediary"/><status value="draft"/><date value="2018-05-23"/><publisher value="HL7 Patient Administration Working Group"/><contact><name value="HL7 Patient Administration Working Group"/><telecom><system value="url"/><value value="https://www.hl7.org/Special/committees/pafm/index.cfm"/></telecom><telecom><system value="email"/><value value="pafm@lists.HL7.org"/></telecom></contact><description value="Select Practitioners with contact information available through the specified intermediary"/><jurisdiction><coding><system value="urn:iso:std:iso:3166"/><code value="US"/></coding></jurisdiction><code value="via-intermediary"/><base value="Practitioner"/><type value="reference"/><expression value="Practitioner.telecom.extension('http://hl7.org/fhir/uv/vhdir/StructureDefinition/contactpoint-viaintermediary')"/><target value="PractitionerRole"/><target value="Organization"/><target value="OrganizationAffiliation"/><target value="Location"/><multipleOr value="true"/><multipleAnd value="true"/></SearchParameter>