<?xml version="1.0" encoding="UTF-8"?><SearchParameter xmlns="http://hl7.org/fhir"><id value="practitionerrole-via-intermediary"/><url value="http://hl7.org/fhir/uv/vhdir/SearchParameter/practitionerrole-via-intermediary"/><version value="0.0.1"/><name value="VhDir_sp_practitionerrole_via_intermediary"/><status value="draft"/><date value="2018-05-23"/><publisher value="HL7 Patient Administration Working Group"/><contact><name value="HL7 Patient Administration Working Group"/><telecom><system value="url"/><value value="https://www.hl7.org/Special/committees/pafm/index.cfm"/></telecom><telecom><system value="email"/><value value="pafm@lists.HL7.org"/></telecom></contact><description value="Select PractitionerRoles with contact information available through the specified intermediary"/><jurisdiction><coding><system value="urn:iso:std:iso:3166"/><code value="US"/></coding></jurisdiction><code value="via-intermediary"/><base value="PractitionerRole"/><type value="reference"/><expression value="PractitionerRole.telecom.extension(&#39;http://hl7.org/fhir/uv/vhdir/StructureDefinition/contactpoint-viaintermediary&#39;)"/><target value="PractitionerRole"/><target value="Organization"/><target value="OrganizationAffiliation"/><target value="Location"/><multipleOr value="true"/><multipleAnd value="true"/></SearchParameter>