<?xml version="1.0" encoding="UTF-8"?><SearchParameter xmlns="http://hl7.org/fhir"><id value="practitioner-name"/><url value="http://hl7.org/fhir/us/davinci-pdex-NatlDir/SearchParameter/practitioner-name"/><version value="0.1.4"/><name value="NatlDir_sp_practitioner_name"/><derivedFrom value="http://hl7.org/fhir/SearchParameter/Practitioner-name"/><status value="active"/><date value="2018-05-23T00:00:00+00:00"/><publisher value="HL7 Patient Administration Working Group"/><contact><name value="HL7 Patient Administration Working Group"/><telecom><system value="url"/><value value="https://www.hl7.org/Special/committees/pafm/index.cfm"/></telecom><telecom><system value="email"/><value value="pafm@lists.HL7.org"/></telecom></contact><description value="Select Practitioners with the specified name (matches against any of the elements in the HumanName data type)"/><jurisdiction><coding><system value="urn:iso:std:iso:3166"/><code value="US"/></coding></jurisdiction><code value="name"/><base value="Practitioner"/><type value="string"/><expression value="Practitioner.name"/><multipleOr value="true"/><multipleAnd value="true"/><modifier value="exact"/><modifier value="contains"/></SearchParameter>