<?xml version="1.0" encoding="UTF-8"?><SearchParameter xmlns="http://hl7.org/fhir"><id value="organizationaffiliation-identifier-assigner"/><url value="http://hl7.org/fhir/uv/vhdir/SearchParameter/organizationaffiliation-identifier-assigner"/><version value="0.1.4"/><name value="VhDir_sp_organizationaffiliation_identifier_assigner"/><status value="draft"/><date value="2018-05-23"/><publisher value="HL7 Patient Administration Working Group"/><contact><name value="HL7 Patient Administration Working Group"/><telecom><system value="url"/><value value="https://www.hl7.org/Special/committees/pafm/index.cfm"/></telecom><telecom><system value="email"/><value value="pafm@lists.HL7.org"/></telecom></contact><description value="Select OrganizationAffiliations with an identifier issued by the specified organization"/><jurisdiction><coding><system value="urn:iso:std:iso:3166"/><code value="US"/></coding></jurisdiction><code value="identifier-assigner"/><base value="OrganizationAffiliation"/><type value="reference"/><expression value="OrganizationAffiliation.identifier.assigner"/><target value="Organization"/><multipleOr value="true"/><multipleAnd value="true"/><modifier value="below"/><chain value="identifier"/><chain value="name"/></SearchParameter>