<?xml version="1.0" encoding="UTF-8"?><TestScript xmlns="http://hl7.org/fhir"><id value="XA9eSGbRZR7Nrz2Gd"/><url value="http://"/><version value="0.1.7"/><name value="Tiered OAuth Restricted Data"/><title value="Tiered OAuth - Restricted Access to Womens Shelters"/><status value="draft"/><date value="2022-06-14T23:19:30.696Z"/><publisher value="HL7 Patient Administration Working Group"/><contact><name value="HL7 Patient Administration Working Group"/><telecom><system value="url"/><value value="https://www.hl7.org/Special/committees/pafm/index.cfm"/></telecom><telecom><system value="email"/><value value="pafm@lists.HL7.org"/></telecom></contact><jurisdiction><coding><system value="urn:iso:std:iso:3166"/><code value="US"/></coding></jurisdiction><fixture id="73594318-988d-5647-b3d8-1f1841578c27"><autocreate value="true"/><autodelete value="true"/><resource><reference value="Location/lyW5mPW2nf3DHC7h6"/><display value="OrgA CT Location 2"/></resource></fixture><fixture id="43552bb8-5e5e-58e2-b233-36727b1d9d87"><autocreate value="true"/><autodelete value="true"/><resource><reference value="ExampleScenario/5psortwYNqr2vLNwQ"/></resource></fixture><test id="4222467a-7bc0-54e4-9879-88fa0c05c412"><name value="Social Worker - Access Role"/><action><operation><type><system value="http://terminology.hl7.org/CodeSystem/testscript-operation-codes"/><code value="update"/></type><label value="Social Worker - Access Role"/><description value="PUT {{hostname}}/baseR4/PractitionerRole/rCY6ePpLywTbfx3yp"/><accept value="json"/><encodeRequestUrl value="true"/><method value="put"/><url value="{{hostname}}/baseR4/PractitionerRole/rCY6ePpLywTbfx3yp"/></operation></action><action><assert><description value="Confirm that the returned HTTP status is 201(Success)."/><response value="created"/><warningOnly value="false"/></assert></action></test><test id="ef27765c-a138-5669-b255-17bb91d30cc0"><name value="Women's Shelter Location"/><action><operation><type><system value="http://terminology.hl7.org/CodeSystem/testscript-operation-codes"/><code value="update"/></type><resource value="Location"/><label value="Women's Shelter Location"/><description value="PUT {{hostname}}/baseR4/Location/lyW5mPW2nf3DHC7h6"/><accept value="json"/><encodeRequestUrl value="true"/><method value="put"/><url value="{{hostname}}/baseR4/Location/lyW5mPW2nf3DHC7h6"/></operation></action><action><assert><description value="Confirm that the returned HTTP status is 201(Success)."/><response value="created"/><warningOnly value="false"/></assert></action></test><test id="309ca261-92bf-5063-ba69-77f29c52c671"><name value="Restriction on accessing Women's Shelters"/><action><operation><type><system value="http://terminology.hl7.org/CodeSystem/testscript-operation-codes"/><code value="update"/></type><label value="Restriction on accessing Women's Shelters"/><description value="PUT {{hostname}}/baseR4/Restriction/cotkDnGQjpHijDsRR"/><accept value="json"/><encodeRequestUrl value="true"/><method value="put"/><url value="{{hostname}}/baseR4/Restriction/cotkDnGQjpHijDsRR"/></operation></action><action><assert><description value="Confirm that the returned HTTP status is 201(Success)."/><response value="created"/><warningOnly value="false"/></assert></action></test><test id="5fa71b21-0437-58c1-9110-2e19b3ada768"><name value="Betty Busybody"/><action><operation><type><system value="http://terminology.hl7.org/CodeSystem/testscript-operation-codes"/><code value="update"/></type><resource value="Practitioner"/><label value="Betty Busybody"/><description value="PUT {{hostname}}/baseR4/Practitioner"/><accept value="json"/><encodeRequestUrl value="true"/><method value="put"/><url value="{{hostname}}/baseR4/Practitioner"/></operation></action><action><assert><description value="Confirm that the returned HTTP status is 201(Success)."/><response value="created"/><warningOnly value="false"/></assert></action></test></TestScript>