<?xml version="1.0" encoding="UTF-8"?><TestScript xmlns="http://hl7.org/fhir"><id value="RestrictedAccessToShelters"/><url value="http://hl7.org/fhir/us/fhir-directory-attestation/TestScript/RestrictedAccessToShelters"/><version value="0.1.4"/><name value="Restricted Access to Shelters"/><status value="active"/><date value="2022-06-03T13:24:40-05:00"/><publisher value="HL7 Patient Administration Working Group"/><contact><name value="HL7 Patient Administration Working Group"/><telecom><system value="url"/><value value="https://www.hl7.org/Special/committees/pafm/index.cfm"/></telecom><telecom><system value="email"/><value value="pafm@lists.HL7.org"/></telecom></contact><jurisdiction><coding><system value="urn:iso:std:iso:3166"/><code value="US"/></coding></jurisdiction></TestScript>