<?xml version="1.0" encoding="UTF-8"?><ValueSet xmlns="http://hl7.org/fhir"><id value="ConsentVS"/><text><status value="generated"/><div xmlns="http://www.w3.org/1999/xhtml"><p>This value set includes codes based on the following rules:</p><ul><li>Include all codes defined in <a href="CodeSystem-ConsentCS.html"><code>http://hl7.org/fhir/us/fhir-directory-attestation/CodeSystem/ConsentCS</code></a></li><li>Include all codes defined in <a href="CodeSystem-ConsentScopeCS.html"><code>http://hl7.org/fhir/us/fhir-directory-attestation/CodeSystem/ConsentScopeCS</code></a></li></ul></div></text><url value="http://hl7.org/fhir/us/fhir-directory-attestation/ValueSet/ConsentVS"/><version value="0.1.7"/><name value="ConsentVS"/><title value="NatDir Consent Scopes"/><status value="active"/><date value="2022-07-15T12:22:10-04:00"/><publisher value="HL7 Patient Administration Working Group"/><contact><name value="HL7 Patient Administration Working Group"/><telecom><system value="url"/><value value="https://www.hl7.org/Special/committees/pafm/index.cfm"/></telecom><telecom><system value="email"/><value value="pafm@lists.HL7.org"/></telecom></contact><description value="&#x9;&#xD;&#xA;Codes for use in defining access levels for sharing subsets of constrained content (as an example)."/><jurisdiction><coding><system value="urn:iso:std:iso:3166"/><code value="US"/></coding></jurisdiction><compose><include><system value="http://hl7.org/fhir/us/fhir-directory-attestation/CodeSystem/ConsentCS"/></include><include><system value="http://hl7.org/fhir/us/fhir-directory-attestation/CodeSystem/ConsentScopeCS"/></include></compose></ValueSet>