<?xml version="1.0" encoding="UTF-8"?>

<SearchParameter xmlns="http://hl7.org/fhir">
  <id value="careteam-status"/>
  <text>
    <status value="generated"/><div xmlns="http://www.w3.org/1999/xhtml"><p><b>Generated Narrative</b></p><div style="display: inline-block; background-color: #d9e0e7; padding: 6px; margin: 4px; border: 1px solid #8da1b4; border-radius: 5px; line-height: 60%"><p style="margin-bottom: 0px">Resource "careteam-status" </p></div><p><b>url</b>: <code>http://hl7.org/fhir/uv/vhdir/SearchParameter/careteam-status</code></p><p><b>version</b>: 0.1.6</p><p><b>name</b>: VhDir_sp_careteam_status</p><p><b>derivedFrom</b>: <a href="http://hl7.org/fhir/SearchParameter/CareTeam-status">http://hl7.org/fhir/SearchParameter/CareTeam-status</a></p><p><b>status</b>: draft</p><p><b>date</b>: 2018-05-23</p><p><b>publisher</b>: HL7 Patient Administration Working Group</p><p><b>contact</b>: HL7 Patient Administration Working Group: <a href="https://www.hl7.org/Special/committees/pafm/index.cfm">https://www.hl7.org/Special/committees/pafm/index.cfm</a>,<a href="mailto:pafm@lists.HL7.org">pafm@lists.HL7.org</a></p><p><b>description</b>: Select CareTeams with the specified status</p><p><b>jurisdiction</b>: United States of America <span style="background: LightGoldenRodYellow; margin: 4px; border: 1px solid khaki"> (unknown#US)</span></p><p><b>code</b>: status</p><p><b>base</b>: CareTeam</p><p><b>type</b>: token</p><p><b>expression</b>: CareTeam.status</p><p><b>multipleOr</b>: true</p><p><b>multipleAnd</b>: true</p></div>
  </text>
  <url value="http://hl7.org/fhir/uv/vhdir/SearchParameter/careteam-status"/>
  <version value="0.1.6"/>
  <name value="VhDir_sp_careteam_status"/>
  <derivedFrom value="http://hl7.org/fhir/SearchParameter/CareTeam-status"/>
  <status value="draft"/>
  <date value="2018-05-23"/>
  <publisher value="HL7 Patient Administration Working Group"/>
  <contact>
    <name value="HL7 Patient Administration Working Group"/>
    <telecom>
      <system value="url"/>
      <value value="https://www.hl7.org/Special/committees/pafm/index.cfm"/>
    </telecom>
    <telecom>
      <system value="email"/>
      <value value="pafm@lists.HL7.org"/>
    </telecom>
  </contact>
  <description value="Select CareTeams with the specified status"/>
  <jurisdiction>
    <coding>
      <system value="urn:iso:std:iso:3166"/>
      <code value="US"/>
    </coding>
  </jurisdiction>
  <code value="status"/>
  <base value="CareTeam"/>
  <type value="token"/>
  <expression value="CareTeam.status"/>
  <multipleOr value="true"/>
  <multipleAnd value="true"/>
</SearchParameter>