<?xml version="1.0" encoding="UTF-8"?>

<SearchParameter xmlns="http://hl7.org/fhir">
  <id value="verificationresult-target"/>
  <text>
    <status value="generated"/><div xmlns="http://www.w3.org/1999/xhtml"><p><b>Generated Narrative</b></p><div style="display: inline-block; background-color: #d9e0e7; padding: 6px; margin: 4px; border: 1px solid #8da1b4; border-radius: 5px; line-height: 60%"><p style="margin-bottom: 0px">Resource "verificationresult-target" </p></div><p><b>url</b>: <code>http://hl7.org/fhir/uv/vhdir/SearchParameter/verificationresult-target</code></p><p><b>version</b>: 0.1.0</p><p><b>name</b>: VhDir_sp_verificationresult_target</p><p><b>derivedFrom</b>: <a href="http://hl7.org/fhir/SearchParameter/VerificationResult-target">http://hl7.org/fhir/SearchParameter/VerificationResult-target</a></p><p><b>status</b>: draft</p><p><b>date</b>: 2018-05-23</p><p><b>publisher</b>: HL7 Patient Administration Working Group</p><p><b>contact</b>: HL7 Patient Administration Working Group: <a href="https://www.hl7.org/Special/committees/pafm/index.cfm">https://www.hl7.org/Special/committees/pafm/index.cfm</a>,<a href="mailto:pafm@lists.HL7.org">pafm@lists.HL7.org</a></p><p><b>description</b>: Select validation information for the specified resource</p><p><b>jurisdiction</b>: United States of America <span style="background: LightGoldenRodYellow; margin: 4px; border: 1px solid khaki"> (unknown#US)</span></p><p><b>code</b>: target</p><p><b>base</b>: VerificationResult</p><p><b>type</b>: reference</p><p><b>expression</b>: VerificationResult.target</p><p><b>target</b>: Resource</p><p><b>multipleOr</b>: true</p><p><b>multipleAnd</b>: true</p><p><b>modifier</b>: type</p></div>
  </text>
  <url value="http://hl7.org/fhir/uv/vhdir/SearchParameter/verificationresult-target"/>
  <version value="0.1.0"/>
  <name value="VhDir_sp_verificationresult_target"/>
  <derivedFrom value="http://hl7.org/fhir/SearchParameter/VerificationResult-target"/>
  <status value="draft"/>
  <date value="2018-05-23"/>
  <publisher value="HL7 Patient Administration Working Group"/>
  <contact>
    <name value="HL7 Patient Administration Working Group"/>
    <telecom>
      <system value="url"/>
      <value value="https://www.hl7.org/Special/committees/pafm/index.cfm"/>
    </telecom>
    <telecom>
      <system value="email"/>
      <value value="pafm@lists.HL7.org"/>
    </telecom>
  </contact>
  <description value="Select validation information for the specified resource"/>
  <jurisdiction>
    <coding>
      <system value="urn:iso:std:iso:3166"/>
      <code value="US"/>
    </coding>
  </jurisdiction>
  <code value="target"/>
  <base value="VerificationResult"/>
  <type value="reference"/>
  <expression value="VerificationResult.target"/>
  <target value="Resource"/>
  <multipleOr value="true"/>
  <multipleAnd value="true"/>
  <modifier value="type"/>
</SearchParameter>