<?xml version="1.0" encoding="UTF-8"?>

<SearchParameter xmlns="http://hl7.org/fhir">
  <id value="location-contains"/>
  <text>
    <status value="generated"/><div xmlns="http://www.w3.org/1999/xhtml"><p><b>Generated Narrative</b></p><div style="display: inline-block; background-color: #d9e0e7; padding: 6px; margin: 4px; border: 1px solid #8da1b4; border-radius: 5px; line-height: 60%"><p style="margin-bottom: 0px">Resource "location-contains" </p></div><p><b>url</b>: <code>http://hl7.org/fhir/uv/vhdir/SearchParameter/location-contains</code></p><p><b>version</b>: 0.0.1</p><p><b>name</b>: VhDir_sp_location_contains</p><p><b>status</b>: draft</p><p><b>date</b>: 2018-08-19</p><p><b>publisher</b>: HL7 Patient Administration Working Group</p><p><b>contact</b>: HL7 Patient Administration Working Group: <a href="https://www.hl7.org/Special/committees/pafm/index.cfm">https://www.hl7.org/Special/committees/pafm/index.cfm</a>,<a href="mailto:pafm@lists.HL7.org">pafm@lists.HL7.org</a></p><p><b>description</b>: Select locations that contain the specified co-ordinates</p><p><b>jurisdiction</b>: United States of America <span style="background: LightGoldenRodYellow; margin: 4px; border: 1px solid khaki"> (unknown#US)</span></p><p><b>code</b>: contains</p><p><b>base</b>: Location</p><p><b>type</b>: special</p><p><b>expression</b>: Location.extension('http://hl7.org/fhir/StructureDefinition/location-boundary-geojson')</p><p><b>multipleOr</b>: true</p><p><b>multipleAnd</b>: true</p></div>
  </text>
  <url value="http://hl7.org/fhir/uv/vhdir/SearchParameter/location-contains"/>
  <version value="0.0.1"/>
  <name value="VhDir_sp_location_contains"/>
  <status value="draft"/>
  <date value="2018-08-19"/>
  <publisher value="HL7 Patient Administration Working Group"/>
  <contact>
    <name value="HL7 Patient Administration Working Group"/>
    <telecom>
      <system value="url"/>
      <value value="https://www.hl7.org/Special/committees/pafm/index.cfm"/>
    </telecom>
    <telecom>
      <system value="email"/>
      <value value="pafm@lists.HL7.org"/>
    </telecom>
  </contact>
  <description value="Select locations that contain the specified co-ordinates"/>
  <jurisdiction>
    <coding>
      <system value="urn:iso:std:iso:3166"/>
      <code value="US"/>
    </coding>
  </jurisdiction>
  <code value="contains"/>
  <base value="Location"/>
  <type value="special"/>
  <expression value="Location.extension(&#39;http://hl7.org/fhir/StructureDefinition/location-boundary-geojson&#39;)"/>
  <multipleOr value="true"/>
  <multipleAnd value="true"/>
</SearchParameter>