<?xml version="1.0" encoding="UTF-8"?>

<SearchParameter xmlns="http://hl7.org/fhir">
  <id value="organization-identifier"/>
  <text>
    <status value="generated"/><div xmlns="http://www.w3.org/1999/xhtml"><p><b>Generated Narrative</b></p><div style="display: inline-block; background-color: #d9e0e7; padding: 6px; margin: 4px; border: 1px solid #8da1b4; border-radius: 5px; line-height: 60%"><p style="margin-bottom: 0px">Resource "organization-identifier" </p></div><p><b>url</b>: <code>http://hl7.org/fhir/uv/vhdir/SearchParameter/organization-identifier</code></p><p><b>version</b>: 0.1.4</p><p><b>name</b>: VhDir_sp_organization_identifier</p><p><b>derivedFrom</b>: <a href="http://hl7.org/fhir/SearchParameter/Organization-identifier">http://hl7.org/fhir/SearchParameter/Organization-identifier</a></p><p><b>status</b>: draft</p><p><b>date</b>: 2018-05-23</p><p><b>publisher</b>: HL7 Patient Administration Working Group</p><p><b>contact</b>: HL7 Patient Administration Working Group: <a href="https://www.hl7.org/Special/committees/pafm/index.cfm">https://www.hl7.org/Special/committees/pafm/index.cfm</a>,<a href="mailto:pafm@lists.HL7.org">pafm@lists.HL7.org</a></p><p><b>description</b>: Select Organizations with the specified identifier</p><p><b>jurisdiction</b>: United States of America <span style="background: LightGoldenRodYellow; margin: 4px; border: 1px solid khaki"> (unknown#US)</span></p><p><b>code</b>: identifier</p><p><b>base</b>: Organization</p><p><b>type</b>: token</p><p><b>expression</b>: Organization.identifier</p><p><b>multipleOr</b>: true</p><p><b>multipleAnd</b>: true</p><p><b>modifier</b>: text, ofType</p></div>
  </text>
  <url value="http://hl7.org/fhir/uv/vhdir/SearchParameter/organization-identifier"/>
  <version value="0.1.4"/>
  <name value="VhDir_sp_organization_identifier"/>
  <derivedFrom value="http://hl7.org/fhir/SearchParameter/Organization-identifier"/>
  <status value="draft"/>
  <date value="2018-05-23"/>
  <publisher value="HL7 Patient Administration Working Group"/>
  <contact>
    <name value="HL7 Patient Administration Working Group"/>
    <telecom>
      <system value="url"/>
      <value value="https://www.hl7.org/Special/committees/pafm/index.cfm"/>
    </telecom>
    <telecom>
      <system value="email"/>
      <value value="pafm@lists.HL7.org"/>
    </telecom>
  </contact>
  <description value="Select Organizations with the specified identifier"/>
  <jurisdiction>
    <coding>
      <system value="urn:iso:std:iso:3166"/>
      <code value="US"/>
    </coding>
  </jurisdiction>
  <code value="identifier"/>
  <base value="Organization"/>
  <type value="token"/>
  <expression value="Organization.identifier"/>
  <multipleOr value="true"/>
  <multipleAnd value="true"/>
  <modifier value="text"/>
  <modifier value="ofType"/>
</SearchParameter>