<?xml version="1.0" encoding="UTF-8"?>

<SearchParameter xmlns="http://hl7.org/fhir">
  <id value="location-partof"/>
  <text>
    <status value="generated"/><div xmlns="http://www.w3.org/1999/xhtml"><p><b>Generated Narrative</b></p><div style="display: inline-block; background-color: #d9e0e7; padding: 6px; margin: 4px; border: 1px solid #8da1b4; border-radius: 5px; line-height: 60%"><p style="margin-bottom: 0px">Resource "location-partof" </p></div><p><b>url</b>: <code>http://hl7.org/fhir/us/davinci-pdex-NatlDir/SearchParameter/location-partof</code></p><p><b>version</b>: 0.0.1</p><p><b>name</b>: NatlDir_sp_location_partof</p><p><b>derivedFrom</b>: <a href="http://hl7.org/fhir/SearchParameter/Location-partof">http://hl7.org/fhir/SearchParameter/Location-partof</a></p><p><b>status</b>: active</p><p><b>date</b>: 2018-05-23 12:00:00+0000</p><p><b>publisher</b>: HL7 Patient Administration Working Group</p><p><b>contact</b>: HL7 Patient Administration Working Group: <a href="https://www.hl7.org/Special/committees/pafm/index.cfm">https://www.hl7.org/Special/committees/pafm/index.cfm</a>,<a href="mailto:pafm@lists.HL7.org">pafm@lists.HL7.org</a></p><p><b>description</b>: Select Locations that are part of the specified location</p><p><b>jurisdiction</b>: United States of America <span style="background: LightGoldenRodYellow; margin: 4px; border: 1px solid khaki"> (unknown#US)</span></p><p><b>code</b>: partof</p><p><b>base</b>: Location</p><p><b>type</b>: reference</p><p><b>expression</b>: Location.partOf</p><p><b>target</b>: Location</p><p><b>multipleOr</b>: true</p><p><b>multipleAnd</b>: true</p><p><b>chain</b>: type, address, organization</p></div>
  </text>
  <url value="http://hl7.org/fhir/us/davinci-pdex-NatlDir/SearchParameter/location-partof"/>
  <version value="0.0.1"/>
  <name value="NatlDir_sp_location_partof"/>
  <derivedFrom value="http://hl7.org/fhir/SearchParameter/Location-partof"/>
  <status value="active"/>
  <date value="2018-05-23T00:00:00+00:00"/>
  <publisher value="HL7 Patient Administration Working Group"/>
  <contact>
    <name value="HL7 Patient Administration Working Group"/>
    <telecom>
      <system value="url"/>
      <value value="https://www.hl7.org/Special/committees/pafm/index.cfm"/>
    </telecom>
    <telecom>
      <system value="email"/>
      <value value="pafm@lists.HL7.org"/>
    </telecom>
  </contact>
  <description value="Select Locations that are part of the specified location"/>
  <jurisdiction>
    <coding>
      <system value="urn:iso:std:iso:3166"/>
      <code value="US"/>
    </coding>
  </jurisdiction>
  <code value="partof"/>
  <base value="Location"/>
  <type value="reference"/>
  <expression value="Location.partOf"/>
  <target value="Location"/>
  <multipleOr value="true"/>
  <multipleAnd value="true"/>
  <chain value="type"/>
  <chain value="address"/>
  <chain value="organization"/>
</SearchParameter>