<?xml version="1.0" encoding="UTF-8"?>

<TestScript xmlns="http://hl7.org/fhir">
  <id value="DynamicClientRegistration"/>
  <text>
    <status value="generated"/><div xmlns="http://www.w3.org/1999/xhtml"><p><b>Generated Narrative</b></p><div style="display: inline-block; background-color: #d9e0e7; padding: 6px; margin: 4px; border: 1px solid #8da1b4; border-radius: 5px; line-height: 60%"><p style="margin-bottom: 0px">Resource "DynamicClientRegistration" </p></div><p><b>url</b>: <code>http://hl7.org/fhir/us/fhir-directory-attestation/TestScript/DynamicClientRegistration</code></p><p><b>version</b>: 0.1.2</p><p><b>name</b>: Dynamic Client Registration</p><p><b>status</b>: active</p><p><b>date</b>: 2022-05-01 08:29:13-0500</p><p><b>publisher</b>: HL7 Patient Administration Working Group</p><p><b>contact</b>: HL7 Patient Administration Working Group: <a href="https://www.hl7.org/Special/committees/pafm/index.cfm">https://www.hl7.org/Special/committees/pafm/index.cfm</a>,<a href="mailto:pafm@lists.HL7.org">pafm@lists.HL7.org</a></p><p><b>jurisdiction</b>: United States of America <span style="background: LightGoldenRodYellow; margin: 4px; border: 1px solid khaki"> (unknown#US)</span></p></div>
  </text>
  <url value="http://hl7.org/fhir/us/fhir-directory-attestation/TestScript/DynamicClientRegistration"/>
  <version value="0.1.2"/>
  <name value="Dynamic Client Registration"/>
  <status value="active"/>
  <date value="2022-05-01T20:29:13-05:00"/>
  <publisher value="HL7 Patient Administration Working Group"/>
  <contact>
    <name value="HL7 Patient Administration Working Group"/>
    <telecom>
      <system value="url"/>
      <value value="https://www.hl7.org/Special/committees/pafm/index.cfm"/>
    </telecom>
    <telecom>
      <system value="email"/>
      <value value="pafm@lists.HL7.org"/>
    </telecom>
  </contact>
  <jurisdiction>
    <coding>
      <system value="urn:iso:std:iso:3166"/>
      <code value="US"/>
    </coding>
  </jurisdiction>
</TestScript>