{
  "resourceType" : "Bundle",
  "id" : "cd4ea337-c380-4e9e-8c9e-d073f802b025",
  "meta" : {
    "lastUpdated" : "2022-04-25T04:33:18.088-05:00"
  },
  "type" : "collection",
  "entry" : [{
    "fullUrl" : "http://hl7.org/fhir/us/fhir-directory-attestation/ValueSet/ConsentVS",
    "resource" : {
      "resourceType" : "ValueSet",
      "id" : "ConsentVS",
      "text" : {
        "status" : "generated",
        "div" : "<div xmlns=\"http://www.w3.org/1999/xhtml\"><p>This value set contains 5 concepts</p><div style=\"border: black 1px dotted; background-color: #EEEEEE; padding: 8px; margin-bottom: 8px\"><p>Expansion based on: </p><ul><li><a href=\"CodeSystem-ConsentCS.html\">NatDir Consent v0.0.1 (CodeSystem)</a></li><li><a href=\"CodeSystem-ConsentScopeCS.html\">NatDir ConsentScopeCodes v0.0.1 (CodeSystem)</a></li></ul></div><table class=\"codes\"><tr><td style=\"white-space:nowrap\"><b>Code</b></td><td><b>System</b></td><td><b>Display</b></td><td><b>Definition</b></td></tr><tr><td style=\"white-space:nowrap\"><a name=\"http---hl7.org-fhir-us-fhir-directory-attestation-CodeSystem-ConsentCS-protect\"> </a>  <a href=\"CodeSystem-ConsentCS.html#ConsentCS-protect\">protect</a></td><td>http://hl7.org/fhir/us/fhir-directory-attestation/CodeSystem/ConsentCS</td><td>Protect</td><td>The data (or subset of data) provided should be only made available to the people, or types of people explicitly declared in the consent.</td></tr><tr><td style=\"white-space:nowrap\"><a name=\"http---hl7.org-fhir-us-fhir-directory-attestation-CodeSystem-ConsentScopeCS-adr\"> </a>  <a href=\"CodeSystem-ConsentScopeCS.html#ConsentScopeCS-adr\">adr</a></td><td>http://hl7.org/fhir/us/fhir-directory-attestation/CodeSystem/ConsentScopeCS</td><td>Advanced Care Directive</td><td>Actions to be taken if they are no longer able to make decisions for themselves.</td></tr><tr><td style=\"white-space:nowrap\"><a name=\"http---hl7.org-fhir-us-fhir-directory-attestation-CodeSystem-ConsentScopeCS-research\"> </a>  <a href=\"CodeSystem-ConsentScopeCS.html#ConsentScopeCS-research\">research</a></td><td>http://hl7.org/fhir/us/fhir-directory-attestation/CodeSystem/ConsentScopeCS</td><td>Research</td><td>Consent to participate in research protocol and information sharing required.</td></tr><tr><td style=\"white-space:nowrap\"><a name=\"http---hl7.org-fhir-us-fhir-directory-attestation-CodeSystem-ConsentScopeCS-patient-privacy\"> </a>  <a href=\"CodeSystem-ConsentScopeCS.html#ConsentScopeCS-patient-privacy\">patient-privacy</a></td><td>http://hl7.org/fhir/us/fhir-directory-attestation/CodeSystem/ConsentScopeCS</td><td>Privacy Consent</td><td>Agreement to collect, access, use or disclose (share) information.</td></tr><tr><td style=\"white-space:nowrap\"><a name=\"http---hl7.org-fhir-us-fhir-directory-attestation-CodeSystem-ConsentScopeCS-treatment\"> </a>  <a href=\"CodeSystem-ConsentScopeCS.html#ConsentScopeCS-treatment\">treatment</a></td><td>http://hl7.org/fhir/us/fhir-directory-attestation/CodeSystem/ConsentScopeCS</td><td>Treatment</td><td>Consent to undergo a specific treatment.</td></tr></table></div>"
      },
      "url" : "http://hl7.org/fhir/us/fhir-directory-attestation/ValueSet/ConsentVS",
      "version" : "0.0.1",
      "name" : "ConsentVS",
      "title" : "NatDir Consent Scopes",
      "status" : "active",
      "date" : "2022-04-25T04:33:18-05:00",
      "publisher" : "HL7 Patient Administration Working Group",
      "contact" : [{
        "name" : "HL7 Patient Administration Working Group",
        "telecom" : [{
          "system" : "url",
          "value" : "https://www.hl7.org/Special/committees/pafm/index.cfm"
        },
        {
          "system" : "email",
          "value" : "pafm@lists.HL7.org"
        }]
      }],
      "description" : "\t\nCodes for use in defining access levels for sharing subsets of constrained content (as an example).",
      "jurisdiction" : [{
        "coding" : [{
          "system" : "urn:iso:std:iso:3166",
          "code" : "US"
        }]
      }],
      "expansion" : {
        "identifier" : "urn:uuid:c71f4f0a-5a5d-40b8-aaa1-76d548fd125e",
        "timestamp" : "2022-04-25T04:34:14-05:00",
        "total" : 5,
        "parameter" : [{
          "name" : "excludeNested",
          "valueBoolean" : false
        },
        {
          "name" : "version",
          "valueUri" : "http://hl7.org/fhir/us/fhir-directory-attestation/CodeSystem/ConsentCS|0.0.1"
        },
        {
          "name" : "version",
          "valueUri" : "http://hl7.org/fhir/us/fhir-directory-attestation/CodeSystem/ConsentScopeCS|0.0.1"
        }],
        "contains" : [{
          "system" : "http://hl7.org/fhir/us/fhir-directory-attestation/CodeSystem/ConsentCS",
          "code" : "protect",
          "display" : "Protect"
        },
        {
          "system" : "http://hl7.org/fhir/us/fhir-directory-attestation/CodeSystem/ConsentScopeCS",
          "code" : "adr",
          "display" : "Advanced Care Directive"
        },
        {
          "system" : "http://hl7.org/fhir/us/fhir-directory-attestation/CodeSystem/ConsentScopeCS",
          "code" : "research",
          "display" : "Research"
        },
        {
          "system" : "http://hl7.org/fhir/us/fhir-directory-attestation/CodeSystem/ConsentScopeCS",
          "code" : "patient-privacy",
          "display" : "Privacy Consent"
        },
        {
          "system" : "http://hl7.org/fhir/us/fhir-directory-attestation/CodeSystem/ConsentScopeCS",
          "code" : "treatment",
          "display" : "Treatment"
        }]
      }
    }
  },
  {
    "fullUrl" : "http://hl7.org/fhir/us/fhir-directory-attestation/ValueSet/OrganizationAffiliationRoleVS",
    "resource" : {
      "resourceType" : "ValueSet",
      "id" : "OrganizationAffiliationRoleVS",
      "text" : {
        "status" : "generated",
        "div" : "<div xmlns=\"http://www.w3.org/1999/xhtml\"><p>This value set contains 24 concepts</p><div style=\"border: black 1px dotted; background-color: #EEEEEE; padding: 8px; margin-bottom: 8px\"><p>Expansion based on: </p><ul><li><a href=\"CodeSystem-OrganizationAffiliationRoleCS.html\">Organization Affiliation Role v0.0.1 (CodeSystem)</a></li><li><a href=\"http://hl7.org/fhir/R4/codesystem-organization-role.html\">Organization Affiliation Role v4.0.1 (CodeSystem)</a></li></ul></div><table class=\"codes\"><tr><td style=\"white-space:nowrap\"><b>Code</b></td><td><b>System</b></td><td><b>Display</b></td><td><b>Definition</b></td></tr><tr><td style=\"white-space:nowrap\"><a name=\"http---hl7.org-fhir-organization-role-provider\"> </a>  <a href=\"http://hl7.org/fhir/R4/codesystem-organization-role.html#organization-role-provider\">provider</a></td><td>http://hl7.org/fhir/organization-role</td><td>Provider</td><td/></tr><tr><td style=\"white-space:nowrap\"><a name=\"http---hl7.org-fhir-organization-role-agency\"> </a>  <a href=\"http://hl7.org/fhir/R4/codesystem-organization-role.html#organization-role-agency\">agency</a></td><td>http://hl7.org/fhir/organization-role</td><td>Agency</td><td>An organization such as a public health agency, community/social services provider, etc.</td></tr><tr><td style=\"white-space:nowrap\"><a name=\"http---hl7.org-fhir-organization-role-research\"> </a>  <a href=\"http://hl7.org/fhir/R4/codesystem-organization-role.html#organization-role-research\">research</a></td><td>http://hl7.org/fhir/organization-role</td><td>Research</td><td>An organization providing research-related services such as conducting research, recruiting research participants, analyzing data, etc.</td></tr><tr><td style=\"white-space:nowrap\"><a name=\"http---hl7.org-fhir-organization-role-payer\"> </a>  <a href=\"http://hl7.org/fhir/R4/codesystem-organization-role.html#organization-role-payer\">payer</a></td><td>http://hl7.org/fhir/organization-role</td><td>Payer</td><td>An organization providing reimbursement, payment, or related services</td></tr><tr><td style=\"white-space:nowrap\"><a name=\"http---hl7.org-fhir-organization-role-diagnostics\"> </a>  <a href=\"http://hl7.org/fhir/R4/codesystem-organization-role.html#organization-role-diagnostics\">diagnostics</a></td><td>http://hl7.org/fhir/organization-role</td><td>Diagnostics</td><td>An organization providing diagnostic testing/laboratory services</td></tr><tr><td style=\"white-space:nowrap\"><a name=\"http---hl7.org-fhir-organization-role-supplier\"> </a>  <a href=\"http://hl7.org/fhir/R4/codesystem-organization-role.html#organization-role-supplier\">supplier</a></td><td>http://hl7.org/fhir/organization-role</td><td>Supplier</td><td>An organization that provides medical supplies (e.g. medical devices, equipment, pharmaceutical products, etc.)</td></tr><tr><td style=\"white-space:nowrap\"><a name=\"http---hl7.org-fhir-organization-role-HIE-HIO\"> </a>  <a href=\"http://hl7.org/fhir/R4/codesystem-organization-role.html#organization-role-HIE.47HIO\">HIE/HIO</a></td><td>http://hl7.org/fhir/organization-role</td><td>HIE/HIO</td><td>An organization that facilitates electronic clinical data exchange between entities</td></tr><tr><td style=\"white-space:nowrap\"><a name=\"http---hl7.org-fhir-us-fhir-directory-attestation-CodeSystem-OrganizationAffiliationRoleCS-behavioral\"> </a>  <a href=\"CodeSystem-OrganizationAffiliationRoleCS.html#OrganizationAffiliationRoleCS-behavioral\">behavioral</a></td><td>http://hl7.org/fhir/us/fhir-directory-attestation/CodeSystem/OrganizationAffiliationRoleCS</td><td>Outpatient Behavioral Health Provider</td><td>Provider of services related to the promotion of mental health, resilience and wellbeing; the treatment of mental and substance use disorders; and the support of those who experience and/or are in recovery from these conditions, along with their families and communities.</td></tr><tr><td style=\"white-space:nowrap\"><a name=\"http---hl7.org-fhir-us-fhir-directory-attestation-CodeSystem-OrganizationAffiliationRoleCS-bt\"> </a>  <a href=\"CodeSystem-OrganizationAffiliationRoleCS.html#OrganizationAffiliationRoleCS-bt\">bt</a></td><td>http://hl7.org/fhir/us/fhir-directory-attestation/CodeSystem/OrganizationAffiliationRoleCS</td><td>Member Of</td><td>Has a relationship of participation with.  This does NOT represent a member of an insurance plan, but other types of membership such as membership of a hospital in an HIE</td></tr><tr><td style=\"white-space:nowrap\"><a name=\"http---hl7.org-fhir-us-fhir-directory-attestation-CodeSystem-OrganizationAffiliationRoleCS-dme\"> </a>  <a href=\"CodeSystem-OrganizationAffiliationRoleCS.html#OrganizationAffiliationRoleCS-dme\">dme</a></td><td>http://hl7.org/fhir/us/fhir-directory-attestation/CodeSystem/OrganizationAffiliationRoleCS</td><td>DME/Medical Supplier</td><td>Supplier of health care consumables or equipments supplied to patients.</td></tr><tr><td style=\"white-space:nowrap\"><a name=\"http---hl7.org-fhir-us-fhir-directory-attestation-CodeSystem-OrganizationAffiliationRoleCS-group\"> </a>  <a href=\"CodeSystem-OrganizationAffiliationRoleCS.html#OrganizationAffiliationRoleCS-group\">group</a></td><td>http://hl7.org/fhir/us/fhir-directory-attestation/CodeSystem/OrganizationAffiliationRoleCS</td><td>Medical Group</td><td>A group of people, e.g. a group of Physicians, who render health care services.</td></tr><tr><td style=\"white-space:nowrap\"><a name=\"http---hl7.org-fhir-us-fhir-directory-attestation-CodeSystem-OrganizationAffiliationRoleCS-home\"> </a>  <a href=\"CodeSystem-OrganizationAffiliationRoleCS.html#OrganizationAffiliationRoleCS-home\">home</a></td><td>http://hl7.org/fhir/us/fhir-directory-attestation/CodeSystem/OrganizationAffiliationRoleCS</td><td>Home Health Provider</td><td>Provider of health care services delivered to patients within their residence rather than a clinical setting; usually provided by nurses, home health aides, and other professionals on a regularly scheduled visit.</td></tr><tr><td style=\"white-space:nowrap\"><a name=\"http---hl7.org-fhir-us-fhir-directory-attestation-CodeSystem-OrganizationAffiliationRoleCS-hospital\"> </a>  <a href=\"CodeSystem-OrganizationAffiliationRoleCS.html#OrganizationAffiliationRoleCS-hospital\">hospital</a></td><td>http://hl7.org/fhir/us/fhir-directory-attestation/CodeSystem/OrganizationAffiliationRoleCS</td><td>Hospital</td><td>An inpatient facility, other than long-term care, providng patient treatment with specialzed medical and nursing staff and medical equipment.</td></tr><tr><td style=\"white-space:nowrap\"><a name=\"http---hl7.org-fhir-us-fhir-directory-attestation-CodeSystem-OrganizationAffiliationRoleCS-laboratory\"> </a>  <a href=\"CodeSystem-OrganizationAffiliationRoleCS.html#OrganizationAffiliationRoleCS-laboratory\">laboratory</a></td><td>http://hl7.org/fhir/us/fhir-directory-attestation/CodeSystem/OrganizationAffiliationRoleCS</td><td>Laboratory</td><td>Pathology and laboratory testing on clinical specimenst to obtain informaion about the health of a paeint to aid in diagnosis, treatment and prevention of disease.</td></tr><tr><td style=\"white-space:nowrap\"><a name=\"http---hl7.org-fhir-us-fhir-directory-attestation-CodeSystem-OrganizationAffiliationRoleCS-other\"> </a>  <a href=\"CodeSystem-OrganizationAffiliationRoleCS.html#OrganizationAffiliationRoleCS-other\">other</a></td><td>http://hl7.org/fhir/us/fhir-directory-attestation/CodeSystem/OrganizationAffiliationRoleCS</td><td>Other</td><td>A provider of heatlh care services not otherwise listed in this value set.</td></tr><tr><td style=\"white-space:nowrap\"><a name=\"http---hl7.org-fhir-us-fhir-directory-attestation-CodeSystem-OrganizationAffiliationRoleCS-outpatient\"> </a>  <a href=\"CodeSystem-OrganizationAffiliationRoleCS.html#OrganizationAffiliationRoleCS-outpatient\">outpatient</a></td><td>http://hl7.org/fhir/us/fhir-directory-attestation/CodeSystem/OrganizationAffiliationRoleCS</td><td>Clinic or Outpatient Facility</td><td>An outpatient facility providing patient services, e.g. medical procedures, surgeries, etc.</td></tr><tr><td style=\"white-space:nowrap\"><a name=\"http---hl7.org-fhir-us-fhir-directory-attestation-CodeSystem-OrganizationAffiliationRoleCS-pharmacy\"> </a>  <a href=\"CodeSystem-OrganizationAffiliationRoleCS.html#OrganizationAffiliationRoleCS-pharmacy\">pharmacy</a></td><td>http://hl7.org/fhir/us/fhir-directory-attestation/CodeSystem/OrganizationAffiliationRoleCS</td><td>Pharmacy</td><td>An entity which provider services related to the storage, compounding, dispensing and sale of drugs.</td></tr><tr><td style=\"white-space:nowrap\"><a name=\"http---hl7.org-fhir-us-fhir-directory-attestation-CodeSystem-OrganizationAffiliationRoleCS-transport\"> </a>  <a href=\"CodeSystem-OrganizationAffiliationRoleCS.html#OrganizationAffiliationRoleCS-transport\">transport</a></td><td>http://hl7.org/fhir/us/fhir-directory-attestation/CodeSystem/OrganizationAffiliationRoleCS</td><td>Transporation Provider</td><td>A provider which transports patients to or from a medical facility, e.g., ambulance.</td></tr><tr><td style=\"white-space:nowrap\"><a name=\"http---hl7.org-fhir-us-fhir-directory-attestation-CodeSystem-OrganizationAffiliationRoleCS-urgent\"> </a>  <a href=\"CodeSystem-OrganizationAffiliationRoleCS.html#OrganizationAffiliationRoleCS-urgent\">urgent</a></td><td>http://hl7.org/fhir/us/fhir-directory-attestation/CodeSystem/OrganizationAffiliationRoleCS</td><td>Urgent Care Center</td><td>A center in which unscheduled health care services are provided for point-in-time evaluation or treatment of a non-life-threatening medical condition.</td></tr><tr><td style=\"white-space:nowrap\"><a name=\"http---hl7.org-fhir-us-fhir-directory-attestation-CodeSystem-OrganizationAffiliationRoleCS-hospice\"> </a>  <a href=\"CodeSystem-OrganizationAffiliationRoleCS.html#OrganizationAffiliationRoleCS-hospice\">hospice</a></td><td>http://hl7.org/fhir/us/fhir-directory-attestation/CodeSystem/OrganizationAffiliationRoleCS</td><td>Hospice</td><td>Hospice</td></tr><tr><td style=\"white-space:nowrap\"><a name=\"http---hl7.org-fhir-us-fhir-directory-attestation-CodeSystem-OrganizationAffiliationRoleCS-nurseCustodial\"> </a>  <a href=\"CodeSystem-OrganizationAffiliationRoleCS.html#OrganizationAffiliationRoleCS-nurseCustodial\">nurseCustodial</a></td><td>http://hl7.org/fhir/us/fhir-directory-attestation/CodeSystem/OrganizationAffiliationRoleCS</td><td>Nursing and Custodial Care Facility</td><td>Nursing and Custodial Care Facility</td></tr><tr><td style=\"white-space:nowrap\"><a name=\"http---hl7.org-fhir-us-fhir-directory-attestation-CodeSystem-OrganizationAffiliationRoleCS-residential\"> </a>  <a href=\"CodeSystem-OrganizationAffiliationRoleCS.html#OrganizationAffiliationRoleCS-residential\">residential</a></td><td>http://hl7.org/fhir/us/fhir-directory-attestation/CodeSystem/OrganizationAffiliationRoleCS</td><td>Residential Treatment Facility</td><td>Residential Treatment Facility</td></tr><tr><td style=\"white-space:nowrap\"><a name=\"http---hl7.org-fhir-us-fhir-directory-attestation-CodeSystem-OrganizationAffiliationRoleCS-respite\"> </a>  <a href=\"CodeSystem-OrganizationAffiliationRoleCS.html#OrganizationAffiliationRoleCS-respite\">respite</a></td><td>http://hl7.org/fhir/us/fhir-directory-attestation/CodeSystem/OrganizationAffiliationRoleCS</td><td>Respite Care Facility</td><td>Respite Care Facility</td></tr><tr><td style=\"white-space:nowrap\"><a name=\"http---hl7.org-fhir-us-fhir-directory-attestation-CodeSystem-OrganizationAffiliationRoleCS-retail\"> </a>  <a href=\"CodeSystem-OrganizationAffiliationRoleCS.html#OrganizationAffiliationRoleCS-retail\">retail</a></td><td>http://hl7.org/fhir/us/fhir-directory-attestation/CodeSystem/OrganizationAffiliationRoleCS</td><td>Retail Health Center</td><td>Retail Health Center</td></tr></table></div>"
      },
      "url" : "http://hl7.org/fhir/us/fhir-directory-attestation/ValueSet/OrganizationAffiliationRoleVS",
      "version" : "0.0.1",
      "name" : "OrganizationAffiliationRoleVS",
      "title" : "OrganizationAffiliation Roles",
      "status" : "active",
      "date" : "2022-04-25T04:33:18-05:00",
      "publisher" : "HL7 Patient Administration Working Group",
      "contact" : [{
        "name" : "HL7 Patient Administration Working Group",
        "telecom" : [{
          "system" : "url",
          "value" : "https://www.hl7.org/Special/committees/pafm/index.cfm"
        },
        {
          "system" : "email",
          "value" : "pafm@lists.HL7.org"
        }]
      }],
      "description" : "Value Set for Organization Affiliation Roles",
      "jurisdiction" : [{
        "coding" : [{
          "system" : "urn:iso:std:iso:3166",
          "code" : "US"
        }]
      }],
      "expansion" : {
        "identifier" : "urn:uuid:9fd38a06-4ebe-459f-a233-8701d1d72231",
        "timestamp" : "2022-04-25T04:34:14-05:00",
        "total" : 24,
        "parameter" : [{
          "name" : "excludeNested",
          "valueBoolean" : false
        },
        {
          "name" : "version",
          "valueUri" : "http://hl7.org/fhir/organization-role|4.0.1"
        },
        {
          "name" : "version",
          "valueUri" : "http://hl7.org/fhir/us/fhir-directory-attestation/CodeSystem/OrganizationAffiliationRoleCS|0.0.1"
        }],
        "contains" : [{
          "system" : "http://hl7.org/fhir/organization-role",
          "code" : "provider",
          "display" : "Provider"
        },
        {
          "system" : "http://hl7.org/fhir/organization-role",
          "code" : "agency",
          "display" : "Agency"
        },
        {
          "system" : "http://hl7.org/fhir/organization-role",
          "code" : "research",
          "display" : "Research"
        },
        {
          "system" : "http://hl7.org/fhir/organization-role",
          "code" : "payer",
          "display" : "Payer"
        },
        {
          "system" : "http://hl7.org/fhir/organization-role",
          "code" : "diagnostics",
          "display" : "Diagnostics"
        },
        {
          "system" : "http://hl7.org/fhir/organization-role",
          "code" : "supplier",
          "display" : "Supplier"
        },
        {
          "system" : "http://hl7.org/fhir/organization-role",
          "code" : "HIE/HIO",
          "display" : "HIE/HIO"
        },
        {
          "system" : "http://hl7.org/fhir/us/fhir-directory-attestation/CodeSystem/OrganizationAffiliationRoleCS",
          "code" : "behavioral",
          "display" : "Outpatient Behavioral Health Provider"
        },
        {
          "system" : "http://hl7.org/fhir/us/fhir-directory-attestation/CodeSystem/OrganizationAffiliationRoleCS",
          "code" : "bt",
          "display" : "Member Of"
        },
        {
          "system" : "http://hl7.org/fhir/us/fhir-directory-attestation/CodeSystem/OrganizationAffiliationRoleCS",
          "code" : "dme",
          "display" : "DME/Medical Supplier"
        },
        {
          "system" : "http://hl7.org/fhir/us/fhir-directory-attestation/CodeSystem/OrganizationAffiliationRoleCS",
          "code" : "group",
          "display" : "Medical Group"
        },
        {
          "system" : "http://hl7.org/fhir/us/fhir-directory-attestation/CodeSystem/OrganizationAffiliationRoleCS",
          "code" : "home",
          "display" : "Home Health Provider"
        },
        {
          "system" : "http://hl7.org/fhir/us/fhir-directory-attestation/CodeSystem/OrganizationAffiliationRoleCS",
          "code" : "hospital",
          "display" : "Hospital"
        },
        {
          "system" : "http://hl7.org/fhir/us/fhir-directory-attestation/CodeSystem/OrganizationAffiliationRoleCS",
          "code" : "laboratory",
          "display" : "Laboratory"
        },
        {
          "system" : "http://hl7.org/fhir/us/fhir-directory-attestation/CodeSystem/OrganizationAffiliationRoleCS",
          "code" : "other",
          "display" : "Other"
        },
        {
          "system" : "http://hl7.org/fhir/us/fhir-directory-attestation/CodeSystem/OrganizationAffiliationRoleCS",
          "code" : "outpatient",
          "display" : "Clinic or Outpatient Facility"
        },
        {
          "system" : "http://hl7.org/fhir/us/fhir-directory-attestation/CodeSystem/OrganizationAffiliationRoleCS",
          "code" : "pharmacy",
          "display" : "Pharmacy"
        },
        {
          "system" : "http://hl7.org/fhir/us/fhir-directory-attestation/CodeSystem/OrganizationAffiliationRoleCS",
          "code" : "transport",
          "display" : "Transporation Provider"
        },
        {
          "system" : "http://hl7.org/fhir/us/fhir-directory-attestation/CodeSystem/OrganizationAffiliationRoleCS",
          "code" : "urgent",
          "display" : "Urgent Care Center"
        },
        {
          "system" : "http://hl7.org/fhir/us/fhir-directory-attestation/CodeSystem/OrganizationAffiliationRoleCS",
          "code" : "hospice",
          "display" : "Hospice"
        },
        {
          "system" : "http://hl7.org/fhir/us/fhir-directory-attestation/CodeSystem/OrganizationAffiliationRoleCS",
          "code" : "nurseCustodial",
          "display" : "Nursing and Custodial Care Facility"
        },
        {
          "system" : "http://hl7.org/fhir/us/fhir-directory-attestation/CodeSystem/OrganizationAffiliationRoleCS",
          "code" : "residential",
          "display" : "Residential Treatment Facility"
        },
        {
          "system" : "http://hl7.org/fhir/us/fhir-directory-attestation/CodeSystem/OrganizationAffiliationRoleCS",
          "code" : "respite",
          "display" : "Respite Care Facility"
        },
        {
          "system" : "http://hl7.org/fhir/us/fhir-directory-attestation/CodeSystem/OrganizationAffiliationRoleCS",
          "code" : "retail",
          "display" : "Retail Health Center"
        }]
      }
    }
  }]
}