{"resourceType":"ExampleScenario","id":"NewLocationAttestation","url":"http://hl7.org/fhir/us/fhir-directory-attestation/ExampleScenario/NewLocationAttestation","version":"0.1.2","status":"active","date":"2022-05-01T20:03:30-05:00","publisher":"HL7 Patient Administration Working Group","contact":[{"name":"HL7 Patient Administration Working Group","telecom":[{"system":"url","value":"https://www.hl7.org/Special/committees/pafm/index.cfm"},{"system":"email","value":"pafm@lists.HL7.org"}]}],"jurisdiction":[{"coding":[{"system":"urn:iso:std:iso:3166","code":"US"}]}],"actor":[{"actorId":"m6AJtyEk6sSsHWLjt","type":"entity","name":"St. Jame’s Infirmary"},{"actorId":"fZzusFYr3PBYyRnot","type":"person","name":"Allison Camron, MD"}],"instance":[{"resourceId":"l4bjaZGQfeNfhAEpb","resourceType":"Location","name":"456 Main Street Anytown CT 00014-1234"},{"resourceId":"hsEk35Ayonz755t6u","resourceType":"HealthcareService","name":"Emergency Medicine Physician"},{"resourceId":"etKzBJvzbeHDZi7Gd","resourceType":"Endpoint","name":"St. James Portal"}]}