{"resourceType":"ExampleScenario","id":"PAsijcfHEKD9siu4h","url":"http://hl7.org/fhir/us/fhir-directory-attestation/ExampleScenario/AttestationScenario","version":"0.1.6","status":"active","date":"2022-06-15T12:17:27-04:00","publisher":"HL7 Patient Administration Working Group","contact":[{"name":"HL7 Patient Administration Working Group","telecom":[{"system":"url","value":"https://www.hl7.org/Special/committees/pafm/index.cfm"},{"system":"email","value":"pafm@lists.HL7.org"}]}],"jurisdiction":[{"coding":[{"system":"urn:iso:std:iso:3166","code":"US"}]}],"actor":[{"actorId":"m6AJtyEk6sSsHWLjt","type":"entity","name":"St. Jame’s Infirmary"},{"actorId":"fZzusFYr3PBYyRnot","type":"person","name":"Allison Camron, MD"}],"instance":[{"resourceId":"l4bjaZGQfeNfhAEpb","resourceType":"Location","name":"456 Main Street Anytown CT 00014-1234"},{"resourceId":"hsEk35Ayonz755t6u","resourceType":"HealthcareService","name":"Emergency Medicine Physician"},{"resourceId":"etKzBJvzbeHDZi7Gd","resourceType":"Endpoint","name":"St. James Portal"},{"resourceId":"dTixApQCHxxheiLX3","resourceType":"Device","name":"Distributed App (DApp)"},{"resourceId":"oPxE9d7Wtqjy9WEZx","resourceType":"Device","name":"National Directory"}],"process":[{"title":"Query directory for St. James Infirmary","step":[{"operation":{"number":"1","type":"post","name":"Attest St. James Infirmary organization to the National Directory","initiator":"Organization/oPxE9d7Wtqjy9WEZx","receiver":"Device/dTixApQCHxxheiLX3","description":"/Organization/123"}},{"operation":{"number":"2","type":"post","name":"Attest street address  to the National Directory","initiator":"Organization/oPxE9d7Wtqjy9WEZx","receiver":"Device/dTixApQCHxxheiLX3","description":"/Location/123"}},{"operation":{"number":"3","type":"post","name":"Attest local services to the National Directory","initiator":"Organization/oPxE9d7Wtqjy9WEZx","receiver":"Device/dTixApQCHxxheiLX3","description":"/HealthcareService/123"}},{"operation":{"number":"4","type":"post","name":"Attest local services to the National Directory","initiator":"Organization/oPxE9d7Wtqjy9WEZx","receiver":"Device/dTixApQCHxxheiLX3","description":"/Endpoint/123"}},{"operation":{"number":"5","type":"post","name":"Attest physician to the National Directory","initiator":"Organization/oPxE9d7Wtqjy9WEZx","receiver":"Device/dTixApQCHxxheiLX3","description":"/Practitioner/123"}}]}]}