{"resourceType":"SearchParameter","id":"practitioner-given-name","url":"http://hl7.org/fhir/us/davinci-pdex-NatlDir/SearchParameter/practitioner-given-name","version":"0.1.4","name":"NatlDir_sp_practitioner_given_name","derivedFrom":"http://hl7.org/fhir/SearchParameter/individual-given","status":"active","date":"2018-05-23T00:00:00+00:00","publisher":"HL7 Patient Administration Working Group","contact":[{"name":"HL7 Patient Administration Working Group","telecom":[{"system":"url","value":"https://www.hl7.org/Special/committees/pafm/index.cfm"},{"system":"email","value":"pafm@lists.HL7.org"}]}],"description":"Select Practitioners with the specified given name","jurisdiction":[{"coding":[{"system":"urn:iso:std:iso:3166","code":"US"}]}],"code":"given","base":["Practitioner"],"type":"string","expression":"Practitioner.name.given","multipleOr":true,"multipleAnd":true,"modifier":["exact"]}