{"resourceType":"SearchParameter","id":"location-new-patient","url":"http://hl7.org/fhir/uv/vhdir/SearchParameter/location-new-patient","version":"0.1.2","name":"VhDir_sp_location_new_patient","status":"draft","date":"2018-05-23","publisher":"HL7 Patient Administration Working Group","contact":[{"name":"HL7 Patient Administration Working Group","telecom":[{"system":"url","value":"https://www.hl7.org/Special/committees/pafm/index.cfm"},{"system":"email","value":"pafm@lists.HL7.org"}]}],"description":"Select locations that are/are not accepting new patients","jurisdiction":[{"coding":[{"system":"urn:iso:std:iso:3166","code":"US"}]}],"code":"new-patient","base":["Location"],"type":"token","expression":"Location.extension('http://hl7.org/fhir/uv/vhdir/StructureDefinition/newpatients').extension('acceptingPatients')","multipleAnd":true}