{"resourceType":"SearchParameter","id":"insuranceplan-specific-cost-category","url":"http://hl7.org/fhir/uv/vhdir/SearchParameter/insuranceplan-specific-cost-category","version":"0.1.2","name":"VhDir_sp_insuranceplan_specific_cost_category","status":"draft","date":"2018-05-23","publisher":"HL7 Patient Administration Working Group","contact":[{"name":"HL7 Patient Administration Working Group","telecom":[{"system":"url","value":"https://www.hl7.org/Special/committees/pafm/index.cfm"},{"system":"email","value":"pafm@lists.HL7.org"}]}],"description":"Select plans which include costs for the specified category of coverage","jurisdiction":[{"coding":[{"system":"urn:iso:std:iso:3166","code":"US"}]}],"code":"specific-cost-category","base":["InsurancePlan"],"type":"token","expression":"InsurancePlan.plan.specificCost.category","multipleOr":true,"multipleAnd":true,"modifier":["text"]}