{"resourceType":"SearchParameter","id":"endpoint-status","url":"http://hl7.org/fhir/uv/vhdir/SearchParameter/endpoint-status","version":"0.1.2","name":"VhDir_sp_endpoint_status","derivedFrom":"http://hl7.org/fhir/SearchParameter/Endpoint-status","status":"draft","date":"2018-05-23","publisher":"HL7 Patient Administration Working Group","contact":[{"name":"HL7 Patient Administration Working Group","telecom":[{"system":"url","value":"https://www.hl7.org/Special/committees/pafm/index.cfm"},{"system":"email","value":"pafm@lists.HL7.org"}]}],"description":"Select Endpoints with the specified status","jurisdiction":[{"coding":[{"system":"urn:iso:std:iso:3166","code":"US"}]}],"code":"status","base":["Endpoint"],"type":"token","expression":"Endpoint.status","multipleOr":true,"multipleAnd":true}