{"resourceType":"SearchParameter","id":"insuranceplan-plan-network","url":"http://hl7.org/fhir/uv/vhdir/SearchParameter/insuranceplan-plan-network","version":"0.1.4","name":"VhDir_sp_insuranceplan_plan_network","status":"draft","date":"2018-05-23","publisher":"HL7 Patient Administration Working Group","contact":[{"name":"HL7 Patient Administration Working Group","telecom":[{"system":"url","value":"https://www.hl7.org/Special/committees/pafm/index.cfm"},{"system":"email","value":"pafm@lists.HL7.org"}]}],"description":"Select plans associated with the specified health insurance provider network","jurisdiction":[{"coding":[{"system":"urn:iso:std:iso:3166","code":"US"}]}],"code":"plan-network","base":["InsurancePlan"],"type":"reference","expression":"InsurancePlan.plan.network","target":["Organization"],"multipleOr":true,"multipleAnd":true,"chain":["identifier","name","partof"]}