{"resourceType":"SearchParameter","id":"careteam-endpoint","url":"http://hl7.org/fhir/uv/vhdir/SearchParameter/careteam-endpoint","version":"0.1.0","name":"VhDir_sp_careteam_endpoint","status":"draft","date":"2018-05-23","publisher":"HL7 Patient Administration Working Group","contact":[{"name":"HL7 Patient Administration Working Group","telecom":[{"system":"url","value":"https://www.hl7.org/Special/committees/pafm/index.cfm"},{"system":"email","value":"pafm@lists.HL7.org"}]}],"description":"Select CareTeams with the specified endpoint","jurisdiction":[{"coding":[{"system":"urn:iso:std:iso:3166","code":"US"}]}],"code":"endpoint","base":["CareTeam"],"type":"reference","expression":"CareTeam.extension('http://hl7.org/fhir/uv/vhdir/StructureDefinition/endpoint-reference')","target":["Endpoint"],"multipleOr":true,"multipleAnd":true,"chain":["identifier","connection-type","organization"]}