{"resourceType":"SearchParameter","id":"organization-type","url":"http://hl7.org/fhir/us/davinci-pdex-NatlDir/SearchParameter/organization-type","version":"0.1.4","name":"NatlDir_sp_organization_type","derivedFrom":"http://hl7.org/fhir/SearchParameter/Organization-type","status":"active","date":"2018-05-23T00:00:00+00:00","publisher":"HL7 Patient Administration Working Group","contact":[{"name":"HL7 Patient Administration Working Group","telecom":[{"system":"url","value":"https://www.hl7.org/Special/committees/pafm/index.cfm"},{"system":"email","value":"pafm@lists.HL7.org"}]}],"description":"Select Organizations of the specified type","jurisdiction":[{"coding":[{"system":"urn:iso:std:iso:3166","code":"US"}]}],"code":"type","base":["Organization"],"type":"token","expression":"Organization.type","multipleOr":true,"multipleAnd":true,"modifier":["text"]}