{"resourceType":"SearchParameter","id":"endpoint-usecase-type","url":"http://hl7.org/fhir/uv/vhdir/SearchParameter/endpoint-usecase-type","version":"0.1.0","name":"VhDir_sp_endpoint_usecase_type","status":"draft","date":"2018-05-23","publisher":"HL7 Patient Administration Working Group","contact":[{"name":"HL7 Patient Administration Working Group","telecom":[{"system":"url","value":"https://www.hl7.org/Special/committees/pafm/index.cfm"},{"system":"email","value":"pafm@lists.HL7.org"}]}],"description":"Select endpoints that support the type of services indicated by the specified code","jurisdiction":[{"coding":[{"system":"urn:iso:std:iso:3166","code":"US"}]}],"code":"usecase-type","base":["Endpoint"],"type":"token","expression":"Endpoint.extension('http://hl7.org/fhir/uv/vhdir/StructureDefinition/endpoint-usecase').extension('type')","multipleOr":true,"multipleAnd":true,"modifier":["text"]}