{"resourceType":"SearchParameter","id":"organization-identifier-assigner","url":"http://hl7.org/fhir/uv/vhdir/SearchParameter/organization-identifier-assigner","version":"0.1.2","name":"VhDir_sp_organization_identifier_assigner","status":"draft","date":"2018-05-23","publisher":"HL7 Patient Administration Working Group","contact":[{"name":"HL7 Patient Administration Working Group","telecom":[{"system":"url","value":"https://www.hl7.org/Special/committees/pafm/index.cfm"},{"system":"email","value":"pafm@lists.HL7.org"}]}],"description":"Select Organizations with an identifier issued by the specified organization","jurisdiction":[{"coding":[{"system":"urn:iso:std:iso:3166","code":"US"}]}],"code":"identifier-assigner","base":["Organization"],"type":"reference","expression":"Organization.identifier.assigner","target":["Organization"],"multipleOr":true,"multipleAnd":true,"modifier":["below"],"chain":["identifier","name"]}