{"resourceType":"SearchParameter","id":"location-new-patient-network","url":"http://hl7.org/fhir/uv/vhdir/SearchParameter/location-new-patient-network","version":"0.1.2","name":"VhDir_sp_location_new_patient_network","status":"draft","date":"2018-05-23","publisher":"HL7 Patient Administration Working Group","contact":[{"name":"HL7 Patient Administration Working Group","telecom":[{"system":"url","value":"https://www.hl7.org/Special/committees/pafm/index.cfm"},{"system":"email","value":"pafm@lists.HL7.org"}]}],"description":"Select locations that are part of the specified network and are/are not accepting new patients","jurisdiction":[{"coding":[{"system":"urn:iso:std:iso:3166","code":"US"}]}],"code":"new-patient-network","base":["Location"],"type":"reference","expression":"Location.extension('http://hl7.org/fhir/uv/vhdir/StructureDefinition/newpatients').extension('network')","target":["Organization"],"multipleOr":true,"multipleAnd":true,"chain":["identifier","name","partof"]}