{"resourceType":"SearchParameter","id":"healthcareservice-organization","url":"http://hl7.org/fhir/us/davinci-pdex-NatlDir/SearchParameter/healthcareservice-organization","version":"0.1.7","name":"NatlDir_sp_healthcareservice_organization","derivedFrom":"http://hl7.org/fhir/SearchParameter/HealthcareService-organization","status":"active","date":"2018-05-23T00:00:00+00:00","publisher":"HL7 Patient Administration Working Group","contact":[{"name":"HL7 Patient Administration Working Group","telecom":[{"system":"url","value":"https://www.hl7.org/Special/committees/pafm/index.cfm"},{"system":"email","value":"pafm@lists.HL7.org"}]}],"description":"Select HealthcareServices provided by the specified organization","jurisdiction":[{"coding":[{"system":"urn:iso:std:iso:3166","code":"US"}]}],"code":"organization","base":["HealthcareService"],"type":"reference","expression":"HealthcareService.providedBy","target":["Organization"],"multipleOr":true,"multipleAnd":true,"chain":["name","address","partof","type"]}