{"resourceType":"SearchParameter","id":"location-identifier","url":"http://hl7.org/fhir/uv/vhdir/SearchParameter/location-identifier","version":"0.1.6","name":"VhDir_sp_location_identifier","derivedFrom":"http://hl7.org/fhir/SearchParameter/Location-identifier","status":"draft","date":"2018-05-23","publisher":"HL7 Patient Administration Working Group","contact":[{"name":"HL7 Patient Administration Working Group","telecom":[{"system":"url","value":"https://www.hl7.org/Special/committees/pafm/index.cfm"},{"system":"email","value":"pafm@lists.HL7.org"}]}],"description":"Select Locations with the specified identifier","jurisdiction":[{"coding":[{"system":"urn:iso:std:iso:3166","code":"US"}]}],"code":"identifier","base":["Location"],"type":"token","expression":"Location.identifier","multipleOr":true,"multipleAnd":true,"modifier":["text","ofType"]}