{"resourceType":"SearchParameter","id":"organization-qualification-status","url":"http://hl7.org/fhir/uv/vhdir/SearchParameter/organization-qualification-status","version":"0.1.4","name":"VhDir_sp_organization_qualification_status","status":"draft","date":"2018-05-23","publisher":"HL7 Patient Administration Working Group","contact":[{"name":"HL7 Patient Administration Working Group","telecom":[{"system":"url","value":"https://www.hl7.org/Special/committees/pafm/index.cfm"},{"system":"email","value":"pafm@lists.HL7.org"}]}],"description":"Select Organizations with a qualification status matching the specified code","jurisdiction":[{"coding":[{"system":"urn:iso:std:iso:3166","code":"US"}]}],"code":"qualification-status","base":["Organization"],"type":"token","expression":"Organization.extension('http://hl7.org/fhir/uv/vhdir/StructureDefinition/qualification').extension('status')","multipleOr":true,"multipleAnd":true}