{"resourceType":"SearchParameter","id":"organizationaffiliation-location","url":"http://hl7.org/fhir/us/davinci-pdex-NatlDir/SearchParameter/organizationaffiliation-location","version":"0.1.7","name":"NatlDir_sp_organizationaffiliation_location","derivedFrom":"http://hl7.org/fhir/SearchParameter/OrganizationAffiliation-location","status":"active","date":"2018-05-23T00:00:00+00:00","publisher":"HL7 Patient Administration Working Group","contact":[{"name":"HL7 Patient Administration Working Group","telecom":[{"system":"url","value":"https://www.hl7.org/Special/committees/pafm/index.cfm"},{"system":"email","value":"pafm@lists.HL7.org"}]}],"description":"Select OrganizationAffiliations available at the specified location","jurisdiction":[{"coding":[{"system":"urn:iso:std:iso:3166","code":"US"}]}],"code":"location","base":["OrganizationAffiliation"],"type":"reference","expression":"OrganizationAffiliation.location","target":["Location"],"multipleOr":true,"multipleAnd":true,"chain":["address","address-postalcode","address-city","address-state","organization","type"]}