{"resourceType":"SearchParameter","id":"location-via-intermediary","url":"http://hl7.org/fhir/uv/vhdir/SearchParameter/location-via-intermediary","version":"0.1.2","name":"VhDir_sp_location_via_intermediary","status":"draft","date":"2018-05-23","publisher":"HL7 Patient Administration Working Group","contact":[{"name":"HL7 Patient Administration Working Group","telecom":[{"system":"url","value":"https://www.hl7.org/Special/committees/pafm/index.cfm"},{"system":"email","value":"pafm@lists.HL7.org"}]}],"description":"Select Locations with contact information available through the specified intermediary","jurisdiction":[{"coding":[{"system":"urn:iso:std:iso:3166","code":"US"}]}],"code":"via-intermediary","base":["Location"],"type":"reference","expression":"Location.telecom.extension('http://hl7.org/fhir/uv/vhdir/StructureDefinition/contactpoint-viaintermediary')","target":["PractitionerRole","Organization","OrganizationAffiliation","Location"],"multipleOr":true,"multipleAnd":true}