{"resourceType":"SearchParameter","id":"practitioner-qualification-period","url":"http://hl7.org/fhir/uv/vhdir/SearchParameter/practitioner-qualification-period","version":"0.1.2","name":"VhDir_sp_practitioner_qualification_period","status":"draft","date":"2018-05-23","publisher":"HL7 Patient Administration Working Group","contact":[{"name":"HL7 Patient Administration Working Group","telecom":[{"system":"url","value":"https://www.hl7.org/Special/committees/pafm/index.cfm"},{"system":"email","value":"pafm@lists.HL7.org"}]}],"description":"Select Practitioners that have a qualification relevant to the date provided","jurisdiction":[{"coding":[{"system":"urn:iso:std:iso:3166","code":"US"}]}],"code":"qualification-period","base":["Practitioner"],"type":"date","expression":"Practitioner.qualification.period","multipleOr":true,"multipleAnd":true,"modifier":["exact","contains"]}