{"resourceType":"ValueSet","id":"OrganizationAffiliationRoleVS","text":{"status":"extensions","div":"<div xmlns=\"http://www.w3.org/1999/xhtml\"><p>This value set includes codes based on the following rules:</p><ul><li>Include all codes defined in <a href=\"http://hl7.org/fhir/R4/codesystem-organization-role.html\"><code>http://hl7.org/fhir/organization-role</code></a></li><li>Include all codes defined in <a href=\"CodeSystem-OrganizationAffiliationRoleCS.html\"><code>http://hl7.org/fhir/us/fhir-directory-attestation/CodeSystem/OrganizationAffiliationRoleCS</code></a></li></ul><p>This value set excludes codes based on the following rules:</p><ul><li>Exclude these codes as defined in <a href=\"http://hl7.org/fhir/R4/codesystem-organization-role.html\"><code>http://hl7.org/fhir/organization-role</code></a><table class=\"none\"><tr><td style=\"white-space:nowrap\"><b>Code</b></td><td><b>Display</b></td><td><b>Definition</b></td></tr><tr><td><a href=\"http://hl7.org/fhir/R4/codesystem-organization-role.html#organization-role-member\">member</a></td><td>Member</td><td>A type of non-ownership relationship between entities (encompasses partnerships, collaboration, joint ventures, etc.)</td></tr></table></li></ul></div>"},"url":"http://hl7.org/fhir/us/fhir-directory-attestation/ValueSet/OrganizationAffiliationRoleVS","version":"0.0.1","name":"OrganizationAffiliationRoleVS","title":"OrganizationAffiliation Roles","status":"active","date":"2022-04-19T13:14:50-04:00","publisher":"HL7 Patient Administration Working Group","contact":[{"name":"HL7 Patient Administration Working Group","telecom":[{"system":"url","value":"https://www.hl7.org/Special/committees/pafm/index.cfm"},{"system":"email","value":"pafm@lists.HL7.org"}]}],"description":"Value Set for Organization Affiliation Roles","jurisdiction":[{"coding":[{"system":"urn:iso:std:iso:3166","code":"US"}]}],"compose":{"include":[{"system":"http://hl7.org/fhir/organization-role"},{"system":"http://hl7.org/fhir/us/fhir-directory-attestation/CodeSystem/OrganizationAffiliationRoleCS"}],"exclude":[{"system":"http://hl7.org/fhir/organization-role","concept":[{"code":"member"}]}]}}