{
  "resourceType": "InsurancePlan",
  "id": "ipZFESpMpTshnEMrD",
  "meta": {
    "lastUpdated": "2020-07-07T13:26:22.0314215+00:00",
    "profile": [
      "http://hl7.org/fhir/us/davinci-pdex-plan-net/StructureDefinition/plannet-InsurancePlan"
    ]
  },
  "language": "en-US",
  "text": {
    "status": "generated",
    "div": "<div xmlns=\"http://www.w3.org/1999/xhtml\" xml:lang=\"en-US\" lang=\"en-US\"><p><b>Generated Narrative</b></p><div style=\"display: inline-block; background-color: #d9e0e7; padding: 6px; margin: 4px; border: 1px solid #8da1b4; border-radius: 5px; line-height: 60%\"><p style=\"margin-bottom: 0px\">Resource \"ipZFESpMpTshnEMrD\" Updated \"2020-07-07 01:26:22+0000\"  (Language \"en-US\") </p><p style=\"margin-bottom: 0px\">Profile: <code>http://hl7.org/fhir/us/davinci-pdex-plan-net/StructureDefinition/plannet-InsurancePlan</code></p></div><p><b>status</b>: active</p><p><b>type</b>: Qualified Health Plan <span style=\"background: LightGoldenRodYellow; margin: 4px; border: 1px solid khaki\"> (InsuranceProductTypeCS#qhp)</span></p><p><b>name</b>: Acme of CT QHP Bronze</p><p><b>ownedBy</b>: <a href=\"Organization-Acme.html\">Organization/Acme</a></p><p><b>administeredBy</b>: <a href=\"Organization-Acme.html\">Organization/Acme</a></p><p><b>coverageArea</b>: <a href=\"Location-StateOfCTLocation.html\">Location/StateOfCTLocation</a></p><p><b>endpoint</b>: <a href=\"Endpoint-AcmeOfCTPortalEndpoint.html\">Endpoint/AcmeOfCTPortalEndpoint</a></p><p><b>network</b>: <a href=\"Organization-AcmeofCTStdNet.html\">Organization/AcmeofCTStdNet</a></p><h3>Plans</h3><table class=\"grid\"><tr><td>-</td><td><b>Type</b></td></tr><tr><td>*</td><td>Bronze-QHP <span style=\"background: LightGoldenRodYellow; margin: 4px; border: 1px solid khaki\"> (InsurancePlanTypeCS#bronze)</span></td></tr></table></div>"
  },
  "status": "active",
  "type": [
    {
      "coding": [
        {
          "system": "http://hl7.org/fhir/us/davinci-pdex-plan-net/CodeSystem/InsuranceProductTypeCS",
          "code": "qhp",
          "display": "Qualified Health Plan"
        }
      ]
    }
  ],
  "name": "Acme of CT QHP Bronze",
  "ownedBy": {
    "reference": "Organization/Acme"
  },
  "administeredBy": {
    "reference": "Organization/Acme"
  },
  "coverageArea": [
    {
      "reference": "Location/StateOfCTLocation"
    }
  ],
  "endpoint": [
    {
      "reference": "Endpoint/AcmeOfCTPortalEndpoint"
    }
  ],
  "network": [
    {
      "reference": "Organization/AcmeofCTStdNet"
    }
  ],
  "plan": [
    {
      "type": {
        "coding": [
          {
            "system": "http://hl7.org/fhir/us/davinci-pdex-plan-net/CodeSystem/InsurancePlanTypeCS",
            "code": "bronze",
            "display": "Bronze-QHP"
          }
        ]
      }
    }
  ]
}