{
  "resourceType": "SearchParameter",
  "id": "verificationresult-primarysource-date",
  "text": {
    "status": "generated",
    "div": "<div xmlns=\"http://www.w3.org/1999/xhtml\"><p><b>Generated Narrative</b></p><div style=\"display: inline-block; background-color: #d9e0e7; padding: 6px; margin: 4px; border: 1px solid #8da1b4; border-radius: 5px; line-height: 60%\"><p style=\"margin-bottom: 0px\">Resource \"verificationresult-primarysource-date\" </p></div><p><b>url</b>: <code>http://hl7.org/fhir/uv/vhdir/SearchParameter/verificationresult-primarysource-date</code></p><p><b>version</b>: 0.1.4</p><p><b>name</b>: VhDir_sp_verificationresult_primarysource_date</p><p><b>status</b>: draft</p><p><b>date</b>: 2018-05-23</p><p><b>publisher</b>: HL7 Patient Administration Working Group</p><p><b>contact</b>: HL7 Patient Administration Working Group: <a href=\"https://www.hl7.org/Special/committees/pafm/index.cfm\">https://www.hl7.org/Special/committees/pafm/index.cfm</a>,<a href=\"mailto:pafm@lists.HL7.org\">pafm@lists.HL7.org</a></p><p><b>description</b>: Select validation information for data that was validated against a primary source on the specified date</p><p><b>jurisdiction</b>: United States of America <span style=\"background: LightGoldenRodYellow; margin: 4px; border: 1px solid khaki\"> (unknown#US)</span></p><p><b>code</b>: primarysource-date</p><p><b>base</b>: VerificationResult</p><p><b>type</b>: date</p><p><b>expression</b>: VerificationResult.primarySource.validationDate</p><p><b>multipleOr</b>: true</p><p><b>multipleAnd</b>: true</p><p><b>comparator</b>: eq, gt, lt, ge, le, sa, eb</p></div>"
  },
  "url": "http://hl7.org/fhir/uv/vhdir/SearchParameter/verificationresult-primarysource-date",
  "version": "0.1.4",
  "name": "VhDir_sp_verificationresult_primarysource_date",
  "status": "draft",
  "date": "2018-05-23",
  "publisher": "HL7 Patient Administration Working Group",
  "contact": [
    {
      "name": "HL7 Patient Administration Working Group",
      "telecom": [
        {
          "system": "url",
          "value": "https://www.hl7.org/Special/committees/pafm/index.cfm"
        },
        {
          "system": "email",
          "value": "pafm@lists.HL7.org"
        }
      ]
    }
  ],
  "description": "Select validation information for data that was validated against a primary source on the specified date",
  "jurisdiction": [
    {
      "coding": [
        {
          "system": "urn:iso:std:iso:3166",
          "code": "US"
        }
      ]
    }
  ],
  "code": "primarysource-date",
  "base": [
    "VerificationResult"
  ],
  "type": "date",
  "expression": "VerificationResult.primarySource.validationDate",
  "multipleOr": true,
  "multipleAnd": true,
  "comparator": [
    "eq",
    "gt",
    "lt",
    "ge",
    "le",
    "sa",
    "eb"
  ]
}