{
  "resourceType": "SearchParameter",
  "id": "organizationaffiliation-participating-organization",
  "text": {
    "status": "generated",
    "div": "<div xmlns=\"http://www.w3.org/1999/xhtml\"><p><b>Generated Narrative</b></p><div style=\"display: inline-block; background-color: #d9e0e7; padding: 6px; margin: 4px; border: 1px solid #8da1b4; border-radius: 5px; line-height: 60%\"><p style=\"margin-bottom: 0px\">Resource \"organizationaffiliation-participating-organization\" </p></div><p><b>url</b>: <code>http://hl7.org/fhir/us/davinci-pdex-NatlDir/SearchParameter/organizationaffiliation-participating-organization</code></p><p><b>version</b>: 0.0.1</p><p><b>name</b>: NatlDir_sp_organizationaffiliation_participating_organization</p><p><b>derivedFrom</b>: <a href=\"http://hl7.org/fhir/SearchParameter/OrganizationAffiliation-participating-organization\">http://hl7.org/fhir/SearchParameter/OrganizationAffiliation-participating-organization</a></p><p><b>status</b>: active</p><p><b>date</b>: 2018-05-23T00:00:00Z</p><p><b>publisher</b>: HL7 Patient Administration Working Group</p><p><b>contact</b>: HL7 Patient Administration Working Group: <a href=\"https://www.hl7.org/Special/committees/pafm/index.cfm\">https://www.hl7.org/Special/committees/pafm/index.cfm</a>,<a href=\"mailto:pafm@lists.HL7.org\">pafm@lists.HL7.org</a></p><p><b>description</b>: Select roles filled by the specified organization</p><p><b>jurisdiction</b>: United States of America <span style=\"background: LightGoldenRodYellow; margin: 4px; border: 1px solid khaki\"> (unknown#US)</span></p><p><b>code</b>: participating-organization</p><p><b>base</b>: OrganizationAffiliation</p><p><b>type</b>: reference</p><p><b>expression</b>: OrganizationAffiliation.participatingOrganization</p><p><b>target</b>: Organization</p><p><b>multipleOr</b>: true</p><p><b>multipleAnd</b>: true</p><p><b>chain</b>: type, address, name, partof</p></div>"
  },
  "url": "http://hl7.org/fhir/us/davinci-pdex-NatlDir/SearchParameter/organizationaffiliation-participating-organization",
  "version": "0.0.1",
  "name": "NatlDir_sp_organizationaffiliation_participating_organization",
  "derivedFrom": "http://hl7.org/fhir/SearchParameter/OrganizationAffiliation-participating-organization",
  "status": "active",
  "date": "2018-05-23T00:00:00+00:00",
  "publisher": "HL7 Patient Administration Working Group",
  "contact": [
    {
      "name": "HL7 Patient Administration Working Group",
      "telecom": [
        {
          "system": "url",
          "value": "https://www.hl7.org/Special/committees/pafm/index.cfm"
        },
        {
          "system": "email",
          "value": "pafm@lists.HL7.org"
        }
      ]
    }
  ],
  "description": "Select roles filled by the specified organization",
  "jurisdiction": [
    {
      "coding": [
        {
          "system": "urn:iso:std:iso:3166",
          "code": "US"
        }
      ]
    }
  ],
  "code": "participating-organization",
  "base": [
    "OrganizationAffiliation"
  ],
  "type": "reference",
  "expression": "OrganizationAffiliation.participatingOrganization",
  "target": [
    "Organization"
  ],
  "multipleOr": true,
  "multipleAnd": true,
  "chain": [
    "type",
    "address",
    "name",
    "partof"
  ]
}