{
  "resourceType": "SearchParameter",
  "id": "healthcareservice-coverage-area",
  "text": {
    "status": "generated",
    "div": "<div xmlns=\"http://www.w3.org/1999/xhtml\"><p><b>Generated Narrative</b></p><div style=\"display: inline-block; background-color: #d9e0e7; padding: 6px; margin: 4px; border: 1px solid #8da1b4; border-radius: 5px; line-height: 60%\"><p style=\"margin-bottom: 0px\">Resource \"healthcareservice-coverage-area\" </p></div><p><b>url</b>: <code>http://hl7.org/fhir/us/davinci-pdex-NatlDir/SearchParameter/healthcareservice-coverage-area</code></p><p><b>version</b>: 0.1.2</p><p><b>name</b>: NatlDir_sp_healthcareservice_coverage_area</p><p><b>derivedFrom</b>: <a href=\"http://hl7.org/fhir/SearchParameter/HealthcareService-coverage-area\">http://hl7.org/fhir/SearchParameter/HealthcareService-coverage-area</a></p><p><b>status</b>: active</p><p><b>date</b>: 2018-05-23 12:00:00+0000</p><p><b>publisher</b>: HL7 Patient Administration Working Group</p><p><b>contact</b>: HL7 Patient Administration Working Group: <a href=\"https://www.hl7.org/Special/committees/pafm/index.cfm\">https://www.hl7.org/Special/committees/pafm/index.cfm</a>,<a href=\"mailto:pafm@lists.HL7.org\">pafm@lists.HL7.org</a></p><p><b>description</b>: Select services available in a region described by the specified location</p><p><b>jurisdiction</b>: United States of America <span style=\"background: LightGoldenRodYellow; margin: 4px; border: 1px solid khaki\"> (unknown#US)</span></p><p><b>code</b>: coverage-area</p><p><b>base</b>: HealthcareService</p><p><b>type</b>: reference</p><p><b>expression</b>: HealthcareService.coverageArea</p><p><b>target</b>: Location</p><p><b>multipleOr</b>: true</p><p><b>multipleAnd</b>: true</p></div>"
  },
  "url": "http://hl7.org/fhir/us/davinci-pdex-NatlDir/SearchParameter/healthcareservice-coverage-area",
  "version": "0.1.2",
  "name": "NatlDir_sp_healthcareservice_coverage_area",
  "derivedFrom": "http://hl7.org/fhir/SearchParameter/HealthcareService-coverage-area",
  "status": "active",
  "date": "2018-05-23T00:00:00+00:00",
  "publisher": "HL7 Patient Administration Working Group",
  "contact": [
    {
      "name": "HL7 Patient Administration Working Group",
      "telecom": [
        {
          "system": "url",
          "value": "https://www.hl7.org/Special/committees/pafm/index.cfm"
        },
        {
          "system": "email",
          "value": "pafm@lists.HL7.org"
        }
      ]
    }
  ],
  "description": "Select services available in a region described by the specified location",
  "jurisdiction": [
    {
      "coding": [
        {
          "system": "urn:iso:std:iso:3166",
          "code": "US"
        }
      ]
    }
  ],
  "code": "coverage-area",
  "base": [
    "HealthcareService"
  ],
  "type": "reference",
  "expression": "HealthcareService.coverageArea",
  "target": [
    "Location"
  ],
  "multipleOr": true,
  "multipleAnd": true
}