{
  "resourceType": "SearchParameter",
  "id": "organization-qualification-issuer",
  "text": {
    "status": "generated",
    "div": "<div xmlns=\"http://www.w3.org/1999/xhtml\"><p><b>Generated Narrative</b></p><div style=\"display: inline-block; background-color: #d9e0e7; padding: 6px; margin: 4px; border: 1px solid #8da1b4; border-radius: 5px; line-height: 60%\"><p style=\"margin-bottom: 0px\">Resource \"organization-qualification-issuer\" </p></div><p><b>url</b>: <code>http://hl7.org/fhir/uv/vhdir/SearchParameter/organization-qualification-issuer</code></p><p><b>version</b>: 0.1.6</p><p><b>name</b>: VhDir_sp_organization_qualification_issuer</p><p><b>status</b>: draft</p><p><b>date</b>: 2018-05-23</p><p><b>publisher</b>: HL7 Patient Administration Working Group</p><p><b>contact</b>: HL7 Patient Administration Working Group: <a href=\"https://www.hl7.org/Special/committees/pafm/index.cfm\">https://www.hl7.org/Special/committees/pafm/index.cfm</a>,<a href=\"mailto:pafm@lists.HL7.org\">pafm@lists.HL7.org</a></p><p><b>description</b>: Select Organizations with a qualification issued by the specified organization</p><p><b>jurisdiction</b>: United States of America <span style=\"background: LightGoldenRodYellow; margin: 4px; border: 1px solid khaki\"> (unknown#US)</span></p><p><b>code</b>: qualification-issuer</p><p><b>base</b>: Organization</p><p><b>type</b>: reference</p><p><b>expression</b>: Organization.extension('http://hl7.org/fhir/uv/vhdir/StructureDefinition/qualification').extension('issuer')</p><p><b>target</b>: Organization</p><p><b>multipleOr</b>: true</p><p><b>multipleAnd</b>: true</p><p><b>modifier</b>: below</p><p><b>chain</b>: identifier, name</p></div>"
  },
  "url": "http://hl7.org/fhir/uv/vhdir/SearchParameter/organization-qualification-issuer",
  "version": "0.1.6",
  "name": "VhDir_sp_organization_qualification_issuer",
  "status": "draft",
  "date": "2018-05-23",
  "publisher": "HL7 Patient Administration Working Group",
  "contact": [
    {
      "name": "HL7 Patient Administration Working Group",
      "telecom": [
        {
          "system": "url",
          "value": "https://www.hl7.org/Special/committees/pafm/index.cfm"
        },
        {
          "system": "email",
          "value": "pafm@lists.HL7.org"
        }
      ]
    }
  ],
  "description": "Select Organizations with a qualification issued by the specified organization",
  "jurisdiction": [
    {
      "coding": [
        {
          "system": "urn:iso:std:iso:3166",
          "code": "US"
        }
      ]
    }
  ],
  "code": "qualification-issuer",
  "base": [
    "Organization"
  ],
  "type": "reference",
  "expression": "Organization.extension('http://hl7.org/fhir/uv/vhdir/StructureDefinition/qualification').extension('issuer')",
  "target": [
    "Organization"
  ],
  "multipleOr": true,
  "multipleAnd": true,
  "modifier": [
    "below"
  ],
  "chain": [
    "identifier",
    "name"
  ]
}