{
  "resourceType": "SearchParameter",
  "id": "practitionerrole-qualification-code",
  "text": {
    "status": "generated",
    "div": "<div xmlns=\"http://www.w3.org/1999/xhtml\"><p><b>Generated Narrative</b></p><div style=\"display: inline-block; background-color: #d9e0e7; padding: 6px; margin: 4px; border: 1px solid #8da1b4; border-radius: 5px; line-height: 60%\"><p style=\"margin-bottom: 0px\">Resource \"practitionerrole-qualification-code\" </p></div><p><b>url</b>: <code>http://hl7.org/fhir/uv/vhdir/SearchParameter/practitionerrole-qualification-code</code></p><p><b>version</b>: 0.1.0</p><p><b>name</b>: VhDir_sp_practitionerrole_qualification_code</p><p><b>status</b>: draft</p><p><b>date</b>: 2018-05-23</p><p><b>publisher</b>: HL7 Patient Administration Working Group</p><p><b>contact</b>: HL7 Patient Administration Working Group: <a href=\"https://www.hl7.org/Special/committees/pafm/index.cfm\">https://www.hl7.org/Special/committees/pafm/index.cfm</a>,<a href=\"mailto:pafm@lists.HL7.org\">pafm@lists.HL7.org</a></p><p><b>description</b>: Select PractitionerRoles with a type of qualification matching the specified code</p><p><b>jurisdiction</b>: United States of America <span style=\"background: LightGoldenRodYellow; margin: 4px; border: 1px solid khaki\"> (unknown#US)</span></p><p><b>code</b>: qualification-code</p><p><b>base</b>: PractitionerRole</p><p><b>type</b>: token</p><p><b>expression</b>: PractitionerRole.extension('http://hl7.org/fhir/uv/vhdir/StructureDefinition/qualification').extension('code')</p><p><b>multipleOr</b>: true</p><p><b>multipleAnd</b>: true</p><p><b>modifier</b>: text</p></div>"
  },
  "url": "http://hl7.org/fhir/uv/vhdir/SearchParameter/practitionerrole-qualification-code",
  "version": "0.1.0",
  "name": "VhDir_sp_practitionerrole_qualification_code",
  "status": "draft",
  "date": "2018-05-23",
  "publisher": "HL7 Patient Administration Working Group",
  "contact": [
    {
      "name": "HL7 Patient Administration Working Group",
      "telecom": [
        {
          "system": "url",
          "value": "https://www.hl7.org/Special/committees/pafm/index.cfm"
        },
        {
          "system": "email",
          "value": "pafm@lists.HL7.org"
        }
      ]
    }
  ],
  "description": "Select PractitionerRoles with a type of qualification matching the specified code",
  "jurisdiction": [
    {
      "coding": [
        {
          "system": "urn:iso:std:iso:3166",
          "code": "US"
        }
      ]
    }
  ],
  "code": "qualification-code",
  "base": [
    "PractitionerRole"
  ],
  "type": "token",
  "expression": "PractitionerRole.extension('http://hl7.org/fhir/uv/vhdir/StructureDefinition/qualification').extension('code')",
  "multipleOr": true,
  "multipleAnd": true,
  "modifier": [
    "text"
  ]
}