{
  "resourceType": "TestScript",
  "id": "TrustedClientAttestation",
  "text": {
    "status": "generated",
    "div": "<div xmlns=\"http://www.w3.org/1999/xhtml\"><p><b>Generated Narrative</b></p><div style=\"display: inline-block; background-color: #d9e0e7; padding: 6px; margin: 4px; border: 1px solid #8da1b4; border-radius: 5px; line-height: 60%\"><p style=\"margin-bottom: 0px\">Resource \"TrustedClientAttestation\" </p></div><p><b>url</b>: <code>http://hl7.org/fhir/us/fhir-directory-attestation/TestScript/TrustedClientAttestation</code></p><p><b>version</b>: 0.1.2</p><p><b>name</b>: Trusted Client Attestation</p><p><b>status</b>: active</p><p><b>date</b>: 2022-05-04 12:20:47-0500</p><p><b>publisher</b>: HL7 Patient Administration Working Group</p><p><b>contact</b>: HL7 Patient Administration Working Group: <a href=\"https://www.hl7.org/Special/committees/pafm/index.cfm\">https://www.hl7.org/Special/committees/pafm/index.cfm</a>,<a href=\"mailto:pafm@lists.HL7.org\">pafm@lists.HL7.org</a></p><p><b>jurisdiction</b>: United States of America <span style=\"background: LightGoldenRodYellow; margin: 4px; border: 1px solid khaki\"> (unknown#US)</span></p></div>"
  },
  "url": "http://hl7.org/fhir/us/fhir-directory-attestation/TestScript/TrustedClientAttestation",
  "version": "0.1.2",
  "name": "Trusted Client Attestation",
  "status": "active",
  "date": "2022-05-04T12:20:47-05:00",
  "publisher": "HL7 Patient Administration Working Group",
  "contact": [
    {
      "name": "HL7 Patient Administration Working Group",
      "telecom": [
        {
          "system": "url",
          "value": "https://www.hl7.org/Special/committees/pafm/index.cfm"
        },
        {
          "system": "email",
          "value": "pafm@lists.HL7.org"
        }
      ]
    }
  ],
  "jurisdiction": [
    {
      "coding": [
        {
          "system": "urn:iso:std:iso:3166",
          "code": "US"
        }
      ]
    }
  ]
}