{
  "resourceType": "ValueSet",
  "id": "ConsentVS",
  "text": {
    "status": "generated",
    "div": "<div xmlns=\"http://www.w3.org/1999/xhtml\"><p>This value set includes codes based on the following rules:</p><ul><li>Include all codes defined in <a href=\"CodeSystem-ConsentCS.html\"><code>http://hl7.org/fhir/us/fhir-directory-attestation/CodeSystem/ConsentCS</code></a></li><li>Include all codes defined in <a href=\"CodeSystem-ConsentScopeCS.html\"><code>http://hl7.org/fhir/us/fhir-directory-attestation/CodeSystem/ConsentScopeCS</code></a></li></ul></div>"
  },
  "url": "http://hl7.org/fhir/us/fhir-directory-attestation/ValueSet/ConsentVS",
  "version": "0.1.2",
  "name": "ConsentVS",
  "title": "NatDir Consent Scopes",
  "status": "active",
  "date": "2022-05-01T20:03:30-05:00",
  "publisher": "HL7 Patient Administration Working Group",
  "contact": [
    {
      "name": "HL7 Patient Administration Working Group",
      "telecom": [
        {
          "system": "url",
          "value": "https://www.hl7.org/Special/committees/pafm/index.cfm"
        },
        {
          "system": "email",
          "value": "pafm@lists.HL7.org"
        }
      ]
    }
  ],
  "description": "\t\nCodes for use in defining access levels for sharing subsets of constrained content (as an example).",
  "jurisdiction": [
    {
      "coding": [
        {
          "system": "urn:iso:std:iso:3166",
          "code": "US"
        }
      ]
    }
  ],
  "compose": {
    "include": [
      {
        "system": "http://hl7.org/fhir/us/fhir-directory-attestation/CodeSystem/ConsentCS"
      },
      {
        "system": "http://hl7.org/fhir/us/fhir-directory-attestation/CodeSystem/ConsentScopeCS"
      }
    ]
  }
}